0.00069015,0.00041518,8.1765,0.21932,0.022003,0
0.00068543,0.00040896,6.8861,0.28196,0.01828,0
0.00071048,0.00043044,4.9942,0.21872,0.0093689,0
0.00069499,0.00042501,4.9406,0.15853,0.01059,0
0.00068361,0.00042196,4.8157,0.23348,0.0093994,0
0.00066924,0.00040668,6.3706,0.13362,0.0159,0
0.000687,0.00039938,18.088,0.1987,0.030121,0
0.00070415,0.00042342,6.8023,0.16215,0.016663,0
0.00069886,0.00041725,17.457,0.042767,0.036041,0
0.00071258,0.00043176,8.2094,0.10329,0.025085,0
0.00068199,0.00040927,5.945,0.2405,0.011444,0
0.00071808,0.00042472,9.2452,0.15584,0.023926,0
0.00068541,0.00042093,5.4923,0.15958,0.017273,0
0.00067302,0.00040449,13.584,0.19239,0.029816,0
0.00070458,0.00042911,6.5111,0.17778,0.020447,0
0.00070868,0.00041857,6.8263,0.12523,0.014526,0
0.0007364,0.00043967,10.341,0.10679,0.026123,0
0.00072662,0.00043958,6.6807,0.14053,0.014862,0
0.0007342,0.00044266,17.036,0.28429,0.034027,0
0.00070252,0.00042292,5.8912,0.1522,0.017365,0
0.00071375,0.00042723,7.0956,0.26203,0.017731,0
0.00070472,0.00042073,5.7883,0.2248,0.013763,0
0.00070459,0.00041994,13.284,0.1847,0.027161,0
0.00070655,0.00041895,16.811,0.17262,0.028809,0
0.0006834,0.00041408,6.5957,0.11037,0.018219,0
0.00067903,0.000415,5.7766,0.22339,0.014221,0
0.00071667,0.00043113,7.7779,0.16943,0.023132,0
0.00071988,0.00044355,7.0134,0.066166,0.020996,0
0.00072272,0.00043582,8.443,0.22286,0.025177,0
0.00070532,0.00042026,8.469,0.29882,0.019287,0
0.00068297,0.00041513,5.5194,0.12937,0.015228,0
0.00067085,0.00041139,7.1019,0.14211,0.023468,0
0.00073305,0.00043403,7.8569,0.24779,0.018829,0
0.00069915,0.00042325,5.592,0.13421,0.016174,0
0.00068216,0.00041377,7.8837,0.20574,0.022583,0
0.00070161,0.0004239,7.6857,0.15364,0.021271,0
0.00072568,0.00042927,9.1409,0.15901,0.020203,0
0.00073811,0.00044627,8.8395,0.08905,0.024994,0
0.00075243,0.00045248,6.0019,0.20869,0.016846,0
0.00076644,0.00045379,7.9472,0.3081,0.019836,0
0.00072878,0.00044409,5.3685,0.23638,0.015594,0
0.00074499,0.00044264,27.431,0.22631,0.047394,0
0.0007245,0.00042751,8.5585,0.23881,0.022034,0
0.00069066,0.00041675,7.1787,0.27599,0.022034,0
0.00070334,0.00042019,6.5838,0.21127,0.016388,0
0.00070457,0.0004149,8.0061,0.29221,0.017303,0
0.00071649,0.00042837,5.5933,0.1964,0.015594,0
0.00069041,0.00040928,9.2499,0.14412,0.022522,0
0.00073492,0.00044278,8.5375,0.11171,0.025879,0
0.00072514,0.00044722,4.7335,0.15191,0.0098877,0
0.00070311,0.00042373,8.9289,0.12318,0.027283,0
0.00071465,0.00042449,9.0463,0.22436,0.025177,0
0.00067238,0.00040979,5.1222,0.16311,0.010925,0
0.00070314,0.00042679,5.8843,0.13888,0.015594,0
0.00067987,0.00041239,5.9278,0.21709,0.016357,0
0.00071983,0.00043285,6.979,0.14402,0.020691,0
0.0007053,0.00042636,6.2711,0.16679,0.016052,0
0.00071812,0.00043144,8.3659,0.1492,0.023041,0
0.00071895,0.0004351,8.3995,0.15512,0.022705,0
0.00074159,0.00043492,16.14,0.16549,0.032043,0
0.00071596,0.00042921,6.3975,0.24787,0.015045,0
0.00072349,0.00043482,12.19,0.13736,0.031708,0
0.00068003,0.00041029,6.6307,0.19189,0.018646,0
0.00074171,0.00044469,6.7433,0.21368,0.021759,0
0.00071242,0.0004343,6.4941,0.17832,0.020233,0
0.00068814,0.00041593,6.5463,0.14999,0.017761,0
0.00071513,0.0004381,4.8806,0.17526,0.011688,0
0.0007113,0.00042372,6.4001,0.19109,0.017212,0
0.00072813,0.00043269,5.7581,0.17777,0.013397,0
0.00072876,0.00043868,5.3168,0.21992,0.013458,0
0.00073702,0.00043669,6.0491,0.23358,0.011993,0
0.00074277,0.00044699,5.9443,0.13618,0.015839,0
0.00071286,0.00042632,7.2654,0.17672,0.016144,0
0.00075063,0.00044966,6.6879,0.25461,0.014099,0
0.00071592,0.00042853,27.205,-0.026125,0.042633,0
0.0006941,0.0004207,5.2569,0.20953,0.010986,0
0.0007354,0.00043619,9.0762,0.221,0.026001,0
0.00071287,0.00043156,7.6788,0.11303,0.022308,0
0.00070983,0.0004305,8.2117,0.099231,0.023285,0
0.00075172,0.00044384,13.647,0.19503,0.028809,0
0.00071423,0.00042626,11.295,0.056593,0.027527,0
0.00070146,0.00041324,19.354,0.095352,0.033386,0
0.0007155,0.00043703,5.8271,0.15054,0.019562,0
0.00072056,0.00042589,6.3641,0.13815,0.012634,0
0.00064635,0.00037984,12.461,0.11975,0.025421,0
0.00069355,0.00040888,10.543,0.19303,0.025879,0
0.00070202,0.00041191,20.98,0.2745,0.034668,0
0.00070159,0.00041768,19.111,0.29551,0.030273,0
0.0006967,0.0004162,5.9228,0.24145,0.013153,0
0.00068933,0.00041029,10.629,0.30849,0.026855,0
0.00070577,0.0004078,36.285,0.27468,0.04245,0
0.00068359,0.00041779,6.6609,0.16697,0.019958,0
0.00068971,0.00040923,7.0535,0.22416,0.013672,0
0.00068549,0.00042044,5.5325,0.081491,0.016388,0
0.00071884,0.00043005,8.9848,0.20711,0.01886,0
0.00077119,0.00043495,15.013,0.1605,0.0289,0
0.00071429,0.00042931,7.2402,0.13305,0.021332,0
0.00070751,0.00043005,6.2303,0.14797,0.020264,0
0.00073517,0.00044215,6.8354,0.21697,0.019073,0
0.00074427,0.00045135,7.7668,0.1946,0.023376,0
0.0007911,0.00044537,103.63,-0.13323,0.059875,0
0.00072382,0.00042395,23.254,0.10066,0.041595,0
0.00068596,0.00041691,6.1081,0.17614,0.017029,0
0.0007021,0.00041496,12.677,0.2143,0.030304,0
0.00069759,0.00041428,20.334,0.25545,0.038055,0
0.00066846,0.00040565,5.6842,0.18051,0.013092,0
0.0007447,0.00043683,24.469,0.22725,0.038483,0
0.00074356,0.00044243,9.2015,0.25094,0.020996,0
0.00073148,0.00042697,14.159,0.24901,0.032501,0
0.00069835,0.00041832,11.221,0.13964,0.026489,0
0.00072905,0.00042888,10.031,0.2623,0.024048,0
0.00070285,0.00042283,7.3378,0.17843,0.017365,0
0.00075423,0.00044529,8.8145,0.2679,0.024597,0
0.0007391,0.00044132,9.5234,0.18855,0.025513,0
0.00076704,0.00044426,10.781,0.056827,0.027527,0
0.00072776,0.00043921,6.5222,0.22239,0.015045,0
0.00071151,0.00043324,6.7939,0.24624,0.020203,0
0.00073141,0.00043518,7.2779,0.12473,0.017334,0
0.0007145,0.00043191,7.513,0.21639,0.020752,0
0.00075554,0.00044793,16.842,0.075883,0.033936,0
0.00076121,0.00044928,7.1532,0.21676,0.02066,0
0.00074674,0.00044424,10.843,0.093369,0.030396,0
0.00075351,0.00044711,8.4346,0.13895,0.021576,0
0.00074742,0.00044638,6.3218,0.22759,0.01944,0
0.00069461,0.00042935,4.9781,0.13446,0.011078,0
0.000745,0.00044284,7.195,0.21483,0.019287,0
0.0007389,0.00043772,7.5444,0.24117,0.017487,0
0.00074075,0.0004375,13.771,0.11204,0.032104,0
0.00071342,0.00043095,8.9291,0.023745,0.023712,0
0.00075548,0.00044059,16.36,0.16284,0.032501,0
0.00071484,0.00042751,8.453,0.22684,0.02243,0
0.0007282,0.00042883,9.3645,0.13134,0.02533,0
0.00072344,0.00043447,6.1702,0.12261,0.0177,0
0.00073136,0.00043727,9.0903,0.20578,0.023895,0
0.00070327,0.00042719,13.844,0.11436,0.026886,0
0.00073314,0.00045075,4.9633,0.21287,0.012085,0
0.00075679,0.00045053,8.7868,0.12242,0.026245,0
0.00068785,0.0004169,5.3683,0.13876,0.011963,0
0.00071362,0.00042525,9.4526,0.18891,0.023468,0
0.00069255,0.00040579,7.6092,0.28159,0.012329,0
0.00066868,0.0004019,6.3356,0.1686,0.016296,0
0.0006752,0.00040513,7.4484,0.23616,0.020844,0
0.00069852,0.00041466,7.2927,0.18934,0.018005,0
0.00069915,0.00041503,7.0764,0.2427,0.013855,0
0.00069218,0.00041562,6.5889,0.12524,0.018829,0
0.00072966,0.00043104,7.0573,0.26574,0.018799,0
0.00069073,0.00042449,11.409,0.16311,0.030914,0
0.00072414,0.00043828,8.2532,0.17162,0.025818,0
0.00073758,0.00043682,11.477,0.19581,0.026428,0
0.00071531,0.00042299,8.2894,0.11359,0.021301,0
0.0007044,0.00042274,5.6773,0.14746,0.014801,0
0.00072965,0.00043439,8.0087,0.28516,0.016907,0
0.00069565,0.00041334,7.1288,0.25392,0.01828,0
0.00077148,0.00043416,131.99,0.20534,0.069,0
0.00070574,0.00042669,7.2351,0.14952,0.0177,0
0.00071609,0.00044168,5.6997,0.16589,0.018768,0
0.00073619,0.0004368,6.0644,0.14662,0.013641,0
0.00072713,0.00043708,6.3378,0.18817,0.015259,0
0.00073363,0.00042586,7.4399,0.24254,0.013153,0
0.00069146,0.00041068,6.5685,0.17865,0.015839,0
0.00069082,0.00041822,5.5365,0.1942,0.012848,0
0.00073285,0.0004326,10.617,0.19757,0.025757,0
0.00070109,0.00041731,9.9198,0.11861,0.026062,0
0.00072708,0.00043554,5.9826,0.15936,0.019775,0
0.00073984,0.00044217,11.673,0.212,0.027679,0
0.00075613,0.00045526,6.3264,0.16415,0.020569,0
0.00074892,0.00045311,8.4084,0.083048,0.023956,0
0.00074227,0.00044367,7.2882,0.32046,0.017059,0
0.00074329,0.00044502,7.3392,0.14301,0.018677,0
0.00071432,0.00043391,5.4838,0.19812,0.013092,0
0.00075359,0.00045394,6.0722,0.24437,0.013397,0
0.0007231,0.00043941,5.6662,0.15542,0.015472,0
0.00074689,0.00044583,5.9441,0.20988,0.019226,0
0.00079174,0.00046802,8.7707,0.22905,0.023743,0
0.00072939,0.00044004,6.6564,0.14771,0.021881,0
0.00071055,0.00042441,23.966,0.13117,0.040192,0
0.00076855,0.00045472,8.2792,0.24023,0.025299,0
0.00073929,0.00044297,10.54,0.12489,0.025269,0
0.00073964,0.00043978,8.1968,0.15108,0.024323,0
0.00072155,0.00043056,7.8196,0.17923,0.02121,0
0.00068958,0.00042096,5.4392,0.19185,0.016052,0
0.00073069,0.00043476,6.8344,0.21271,0.017517,0
0.00073179,0.00043461,7.1996,0.10206,0.019958,0
0.00075004,0.00044436,12.102,0.2758,0.029541,0
0.00073494,0.00043652,6.1655,0.14624,0.015656,0
0.00076152,0.00044746,33.517,0.19731,0.049591,0
0.00074409,0.00041704,13.821,0.29849,0.024017,0
0.00078431,0.00045521,10.565,0.12642,0.025482,0
0.00073816,0.00044664,5.8201,0.19426,0.016846,0
0.00072642,0.00044522,5.2961,0.17367,0.012665,0
0.00074571,0.0004502,5.8143,0.11583,0.016113,0
0.00076156,0.00046428,5.2591,0.20613,0.011322,0
0.00074221,0.00044309,8.208,0.16174,0.027161,0
0.00074277,0.00044849,8.2637,0.15292,0.021027,0
0.00075515,0.00044698,9.9436,0.046188,0.030487,0
0.00077117,0.00045806,12.011,0.21507,0.031738,0
0.00076306,0.00046118,6.0275,0.10614,0.015137,0
0.00075316,0.00044339,12.108,0.13669,0.026642,0
0.00080223,0.00047719,6.6072,0.16913,0.015045,0
0.00073753,0.00045043,4.9739,0.1961,0.012512,0
0.00074068,0.00043867,6.5391,0.17259,0.015442,0
0.0007548,0.00045032,9.8507,0.084381,0.030121,0
0.00072662,0.00043833,6.1465,0.22801,0.012573,0
0.00074454,0.00043879,8.2448,0.25157,0.019348,0
0.00072814,0.00043694,6.8759,0.27194,0.014526,0
0.00078459,0.00045901,7.7847,0.16509,0.022125,0
0.00072278,0.0004333,6.5082,0.1762,0.016113,0
0.00073609,0.00044189,6.3201,0.12009,0.017456,0
0.00079326,0.0004604,11.64,0.22794,0.024567,0
0.00075446,0.00045294,7.8226,0.15719,0.024658,0
0.00075533,0.00044314,8.6378,0.18206,0.019928,0
0.00081964,0.00048155,9.5702,0.29716,0.025574,0
0.00072613,0.00043797,6.6808,0.080421,0.018494,0
0.00076993,0.00046454,5.2252,0.097503,0.013885,0
0.00075162,0.00045417,5.9328,0.10961,0.016418,0
0.00071774,0.00043563,5.3185,0.16118,0.012726,0
0.00075875,0.00044793,9.6567,0.19854,0.027649,0
0.00073327,0.00043107,9.2232,0.23761,0.020233,0
0.00072853,0.00042731,21.191,0.20062,0.036224,0
0.00070819,0.00042985,5.9747,0.12759,0.01651,0
0.00075056,0.00044326,7.8986,0.23318,0.017822,0
0.00073965,0.0004448,5.7858,0.11118,0.016998,0
0.00075301,0.00044415,9.641,0.23533,0.024414,0
0.00073586,0.00043212,8.9469,0.26134,0.023193,0
0.0007062,0.00042847,6.014,0.1088,0.015625,0
0.00073254,0.00044137,5.5643,0.15331,0.012756,0
0.0007652,0.00045056,8.6011,0.13786,0.020569,0
0.00074272,0.00044441,8.4869,0.24584,0.023529,0
0.0007646,0.00045004,16.59,0.14135,0.036896,0
0.00077435,0.00045436,8.6738,0.050704,0.025177,0
0.0007537,0.00044521,9.1875,0.14279,0.02298,0
0.00078257,0.0004557,24.149,0.028275,0.04248,0
0.00075644,0.00045522,5.691,0.15931,0.014648,0
0.00076763,0.0004574,6.4911,0.28361,0.014435,0
0.00076055,0.00045207,6.381,0.23226,0.01593,0
0.00078028,0.00046112,10.57,0.067761,0.026367,0
0.00075186,0.00044678,10.054,0.16302,0.02533,0
0.00076107,0.00045491,6.6776,0.24079,0.01532,0
0.00075695,0.00045235,9.6363,0.17471,0.024109,0
0.00075303,0.0004596,6.0398,0.18945,0.019958,0
0.00073277,0.00044697,6.6253,0.17809,0.021851,0
0.00079782,0.00045927,17.641,0.18892,0.039429,0
0.00074978,0.0004511,7.2548,0.25057,0.017273,0
0.00074458,0.00044843,9.2527,0.2081,0.028748,0
0.00077407,0.0004617,7.7622,0.2108,0.0224,0
0.00076164,0.00045782,7.242,0.22693,0.021942,0
0.00079892,0.00045083,125.08,0.1524,0.070648,0
0.00076344,0.00045553,10.308,0.17309,0.026215,0
0.00074064,0.0004515,4.853,0.13193,0.010986,0
0.00076063,0.00044354,13.571,0.21814,0.032257,0
0.00073802,0.00044358,5.5227,0.20106,0.014374,0
0.00083437,0.00048919,9.8217,0.15802,0.02887,0
0.00073483,0.00044619,5.2687,0.18065,0.014618,0
0.00076453,0.00045849,6.0477,0.16386,0.014099,0
0.00070332,0.00041827,6.1885,0.28295,0.012756,0
0.00076495,0.00045967,5.4696,0.21803,0.010345,0
0.00072322,0.00044071,5.9162,0.16375,0.020447,0
0.00076919,0.00045638,6.3701,0.23537,0.013245,0
0.00077233,0.00046125,7.3569,0.22135,0.022308,0
0.00073345,0.00043927,5.8603,0.21124,0.014221,0
0.00072819,0.00043476,7.0537,0.21492,0.018463,0
0.00078525,0.00046416,8.0608,0.25264,0.019836,0
0.00073166,0.00043826,6.0646,0.17369,0.018585,0
0.0007773,0.00046174,7.8604,0.16561,0.02359,0
0.00079611,0.00046038,18.051,0.29382,0.038239,0
0.00077473,0.000455,7.7112,0.22104,0.020599,0
0.00075998,0.00046191,5.8703,0.22187,0.018005,0
0.0007477,0.00044699,8.7346,0.25594,0.018616,0
0.00076614,0.00045636,7.8303,0.23927,0.020386,0
0.00083177,0.00045598,189.59,-0.19684,0.083008,0
0.0007541,0.00044249,14.967,0.26364,0.037872,0
0.00075271,0.00044043,19.732,0.16845,0.034515,0
0.00072259,0.00043969,5.8753,0.22247,0.0112,0
0.00074437,0.00044779,5.8915,0.25634,0.013702,0
0.00075516,0.00045101,6.3973,0.20475,0.01355,0
0.00076243,0.00045976,7.5947,0.1978,0.022827,0
0.00074532,0.00045053,7.9338,0.27244,0.025482,0
0.00068329,0.00042142,4.6905,0.14832,0.0097046,0
0.00068681,0.00041609,5.3737,0.12933,0.011963,0
0.0007361,0.00043621,9.7511,0.15061,0.029327,0
0.00073959,0.00043593,19.208,0.33211,0.038239,0
0.00071232,0.00043267,7.5024,0.13309,0.021637,0
0.00079218,0.00046451,8.7929,0.1374,0.02655,0
0.00080595,0.00047298,9.251,0.27374,0.018402,0
0.00073788,0.00045341,5.2615,0.17754,0.013672,0
0.00077048,0.00045792,8.0143,0.19787,0.023712,0
0.0008306,0.00048171,11.165,0.18017,0.027191,0
0.00078269,0.00047179,7.0125,0.27381,0.020508,0
0.00077068,0.00046577,10.469,0.15427,0.028442,0
0.00078826,0.00046825,12.291,0.29645,0.028687,0
0.00079431,0.00047388,7.0656,0.10057,0.018707,0
0.00078945,0.00046705,7.265,0.18367,0.019989,0
0.00078124,0.00047688,5.8448,0.13387,0.017273,0
0.00077781,0.00047351,6.1448,0.16116,0.019257,0
0.00075091,0.00045721,5.6482,0.11875,0.015564,0
0.00079815,0.00047977,8.7415,0.13199,0.030457,0
0.00078907,0.00046171,9.3955,0.28615,0.024933,0
0.00077129,0.00045333,32.923,0.19109,0.046173,0
0.00075913,0.0004483,7.1269,0.18469,0.014526,0
0.00076705,0.00045144,10.888,0.26933,0.024963,0
0.00098306,0.00059777,7.6716,0.13387,0.031158,1
0.00098795,0.00059732,12.466,0.10544,0.03772,1
0.00098676,0.00060763,5.5604,0.18344,0.025909,1
0.00098116,0.00059804,14.953,0.16735,0.046814,1
0.0009721,0.0005959,5.8309,0.12576,0.023315,1
0.0009701,0.00059215,8.7635,0.11667,0.031677,1
0.00099296,0.00061154,20.004,0.11611,0.055328,1
0.00099038,0.00060034,7.544,0.12231,0.027374,1
0.00095912,0.00059098,5.8501,0.16046,0.023621,1
0.00093924,0.00057565,6.5486,0.1771,0.029785,1
0.00092735,0.00057264,6.7306,0.1511,0.023132,1
0.00092027,0.00053821,37.912,0.065688,0.062469,1
0.00093387,0.00056524,8.2874,0.1525,0.033722,1
0.00096809,0.00058974,8.8806,0.15748,0.032257,1
0.0009771,0.00059136,7.897,0.17214,0.030792,1
0.00091758,0.00056842,9.1271,0.17997,0.039917,1
0.00096964,0.00059205,8.7483,0.13945,0.034912,1
0.00099489,0.00061134,8.0176,0.14701,0.033783,1
0.00095732,0.00057838,9.6174,0.17753,0.036926,1
0.00094983,0.0005717,11.906,0.1842,0.040436,1
0.00093555,0.00056842,10.522,0.12584,0.039124,1
0.00095402,0.00057865,12.674,0.081639,0.042206,1
0.0010067,0.0005982,8.626,0.17742,0.029755,1
0.00099607,0.00059119,8.4021,0.21378,0.029938,1
0.00095142,0.0005824,8.4089,0.11462,0.035858,1
0.00096887,0.00058853,13.67,0.049041,0.045685,1
0.00097589,0.00058742,9.2227,0.14401,0.03244,1
0.0010345,0.00061566,20.779,0.24353,0.054443,1
0.00095929,0.00058139,12.435,0.12186,0.040955,1
0.00094347,0.00057892,5.8869,0.12438,0.021851,1
0.00097115,0.00059509,10.579,0.10127,0.038239,1
0.00099047,0.00058466,47.634,0.012486,0.073822,1
0.00092871,0.00056797,19.146,0.16924,0.046967,1
0.0009842,0.00058971,13.424,0.13851,0.044952,1
0.00095975,0.00058051,7.6957,0.20906,0.028473,1
0.00098055,0.00059044,15.924,0.26387,0.047791,1
0.00096694,0.00058043,18.923,0.19782,0.04715,1
0.0009886,0.00059133,27.283,0.071871,0.049927,1
0.0010163,0.00060743,11.932,0.14139,0.043945,1
0.0010098,0.00059553,79.842,0.1948,0.08847,1
0.00099467,0.00059701,20.81,0.22829,0.052734,1
0.00094689,0.00058165,6.1671,0.12864,0.024658,1
0.00096398,0.00059305,6.6322,0.14705,0.030334,1
0.00098074,0.00058939,12.583,0.10005,0.038544,1
0.00093664,0.00056415,9.3357,0.075302,0.033081,1
0.00092736,0.00056729,8.2292,0.14888,0.032684,1
0.00098473,0.000598,7.2577,0.24449,0.026886,1
0.00098286,0.00059707,7.2402,0.19607,0.028503,1
0.00096461,0.00058648,17.077,0.077329,0.051056,1
0.00098664,0.00060037,18.017,0.108,0.054504,1
0.00099653,0.00059814,10.472,0.11589,0.043396,1
0.00094875,0.00057936,9.2374,0.039752,0.029907,1
0.00095169,0.00057157,19.502,0.13648,0.041229,1
0.00092056,0.0005687,5.9491,0.092249,0.023224,1
0.00093244,0.00056657,14.628,0.14296,0.038605,1
0.0010009,0.00059876,17.406,0.28009,0.049774,1
0.0010177,0.00061268,12.826,0.14662,0.040955,1
0.00095272,0.00058524,11.606,0.11462,0.038177,1
0.00099255,0.0005998,6.422,0.15042,0.026367,1
0.00092809,0.00055803,12.056,0.083749,0.038025,1
0.00094905,0.00057037,10.463,0.26774,0.036743,1
0.00096188,0.00058657,10.958,0.19403,0.035004,1
0.00095824,0.00058355,7.0092,0.17243,0.027802,1
0.00092897,0.00055894,8.3018,0.051957,0.025818,1
0.00097574,0.0005836,14.016,0.16942,0.043549,1
0.00096739,0.00058544,9.2975,0.14116,0.032379,1
0.00096423,0.00058387,11.253,0.16078,0.038971,1
0.00094786,0.00057957,12.204,0.17903,0.040283,1
0.00097592,0.00058655,13.046,0.085037,0.038055,1
0.00097854,0.0005921,18.638,0.14906,0.054321,1
0.00094608,0.00058245,7.4595,0.15385,0.03476,1
0.00094682,0.00058647,9.0226,0.13283,0.040039,1
0.00095722,0.00058384,17.794,0.19313,0.050232,1
0.00098912,0.00060808,6.3278,0.1464,0.02597,1
0.00093956,0.00058225,9.4677,0.1353,0.039734,1
0.00098806,0.00058834,22.829,0.12426,0.053284,1
0.00097203,0.00058263,19.314,0.1505,0.044312,1
0.00099578,0.00059222,16.439,0.13608,0.040344,1
0.00096164,0.00059364,7.5993,0.094741,0.035034,1
0.0009612,0.00058479,13.41,0.20262,0.044678,1
0.00096495,0.00057384,14.337,0.17176,0.035858,1
0.00095102,0.00057232,11.322,0.1411,0.030548,1
0.00099138,0.00061046,5.5152,0.16473,0.019501,1
0.00093864,0.00056505,25.693,0.24097,0.055817,1
0.00093929,0.00056129,8.2499,0.11507,0.03009,1
0.00095787,0.0005666,14.563,0.17334,0.041138,1
0.00097333,0.0005916,15.317,0.21637,0.040192,1
0.00092742,0.00055761,24.604,-0.030652,0.052368,1
0.00093548,0.00057506,7.1651,0.10805,0.02652,1
0.00095698,0.00057696,20.801,0.10484,0.050354,1
0.00098333,0.00059277,10.454,0.15166,0.036224,1
0.00095524,0.00058535,7.8734,0.13189,0.033173,1
0.00096035,0.00057613,13.766,0.16741,0.044067,1
0.00091637,0.00056417,9.5498,0.087703,0.036469,1
0.00092631,0.00057261,5.2465,0.14461,0.021912,1
0.00092429,0.00055692,15.815,0.092042,0.041931,1
0.00094057,0.00056199,20.151,0.071182,0.052795,1
0.00096137,0.0005845,9.085,0.19623,0.036804,1
0.0010032,0.00061256,6.9555,0.11316,0.035004,1
0.00095175,0.00058041,7.3665,0.18035,0.029449,1
0.00096276,0.00057971,15.137,0.1649,0.043335,1
0.00096385,0.00058253,22.083,0.16273,0.058594,1
0.00095495,0.00058634,23.562,0.10379,0.055359,1
0.00095758,0.00057717,8.2607,0.16369,0.027466,1
0.00093552,0.00056998,10.144,0.076054,0.034637,1
0.00096106,0.00056661,12.562,0.15988,0.044678,1
0.0009256,0.00056362,6.2013,0.14646,0.028137,1
0.0010004,0.00060057,10.2,0.24077,0.033875,1
0.00092926,0.00056357,8.7064,0.18348,0.031677,1
0.00097714,0.0005892,11.19,0.096886,0.041473,1
0.00098131,0.00058749,12.04,0.21148,0.041534,1
0.00098245,0.00059475,13.826,0.11306,0.045227,1
0.0010264,0.00060549,20.122,0.11903,0.054779,1
0.00095643,0.00057851,30.752,0.018724,0.063782,1
0.00092497,0.00056881,6.9756,0.13527,0.032806,1
0.0009589,0.0005948,6.0094,0.11571,0.026367,1
0.00096277,0.00057142,28.905,0.044016,0.05072,1
0.00096129,0.00058048,9.8756,0.22764,0.031067,1
0.00094977,0.00057306,8.42,0.079862,0.027466,1
0.0010016,0.00059853,14.066,0.076771,0.03833,1
0.00094202,0.00057859,6.8152,0.21639,0.028992,1
0.00095139,0.00057817,10.862,0.17036,0.037354,1
0.00097176,0.00059954,9.908,0.17066,0.037598,1
0.00095409,0.00057753,12.236,0.15079,0.034973,1
0.00096433,0.00058082,10.259,0.17594,0.035522,1
0.00094674,0.00057338,16.29,0.23336,0.044922,1
0.00096804,0.0005895,6.9258,0.19111,0.024811,1
0.00096319,0.00059161,7.6971,0.21886,0.025421,1
0.00094753,0.00057602,7.1612,0.15919,0.027802,1
0.00092997,0.0005716,6.3509,0.18464,0.026093,1
0.00093769,0.00057749,8.5084,0.050894,0.033905,1
0.00093495,0.00056791,13.631,0.15389,0.045685,1
0.00092799,0.00056918,6.0852,0.14858,0.022156,1
0.0009474,0.0005732,11.034,0.10952,0.033325,1
0.00093106,0.00056747,9.643,0.18502,0.035614,1
0.00094823,0.00058008,6.2398,0.17327,0.023193,1
0.00099416,0.00058888,9.3839,0.136,0.033936,1
0.00096204,0.00058386,14.349,0.083273,0.04364,1
0.00091442,0.00055851,6.5206,0.089387,0.023224,1
0.00095202,0.00057927,13.522,0.03584,0.038818,1
0.00094991,0.00058757,8.1501,0.15736,0.035706,1
0.00095714,0.00057279,17.888,0.14352,0.045532,1
0.00096925,0.00057897,17.758,0.33725,0.044678,1
0.0009843,0.00059366,10.497,0.25408,0.037842,1
0.00097324,0.00059125,16.531,0.13561,0.049866,1
0.00096606,0.00058957,7.3542,0.11273,0.031799,1
0.00098006,0.00058922,14.853,0.033067,0.047974,1
0.0009745,0.00059074,11.144,0.13784,0.037109,1
0.00095217,0.00058737,9.9165,0.19034,0.036957,1
0.00098043,0.00059517,11.625,0.16536,0.045074,1
0.00094545,0.00057581,8.9812,0.1483,0.030792,1
0.00097129,0.00058227,14.146,0.08066,0.03476,1
0.00097564,0.00058972,7.6297,0.21488,0.024902,1
0.00096712,0.00059326,10.157,0.22096,0.034058,1
0.00093089,0.0005619,27.247,0.17969,0.055908,1
0.00096605,0.00059001,14.179,0.0096765,0.040344,1
0.00096494,0.00058996,6.6024,0.18564,0.027679,1
0.00095096,0.00057539,10.765,0.21621,0.043091,1
0.00093323,0.0005668,8.3078,0.089217,0.028778,1
0.00098851,0.00060434,6.6261,0.10238,0.026123,1
0.00097248,0.00059511,10.136,0.15022,0.038269,1
0.0010059,0.0005982,71.833,0.21815,0.081024,1
0.00097714,0.0005955,7.7713,0.1384,0.038239,1
0.00099496,0.00060976,7.2396,0.079501,0.031281,1
0.000972,0.00058539,7.675,0.2681,0.025238,1
0.00092129,0.00056179,8.2162,0.12399,0.029572,1
0.00097485,0.00060361,7.2825,0.13637,0.031128,1
0.0009494,0.00058046,6.6645,0.19115,0.022797,1
0.00091876,0.00055574,15.294,0.29099,0.044861,1
0.00094258,0.00058156,5.8762,0.12028,0.022888,1
0.00092025,0.00056492,7.3757,0.13649,0.031464,1
0.00095255,0.00057309,15.594,0.25887,0.045166,1
0.00094297,0.00057924,7.848,0.19944,0.029907,1
0.000926,0.00056178,7.7691,0.15875,0.026855,1
0.00098092,0.00058405,15.211,0.14172,0.0466,1
0.00095468,0.00057361,17.026,0.301,0.045837,1
0.00097152,0.00057977,40.863,0.21466,0.066864,1
0.00096134,0.00058921,12.44,0.15404,0.046417,1
0.00095765,0.00057387,11.872,0.18053,0.036835,1
0.00094073,0.00057881,12.397,0.12928,0.043091,1
0.0010394,0.00059755,13.897,0.20298,0.050629,2
0.0010468,0.00059421,16.88,0.23261,0.041626,2
0.0010673,0.00061141,15.727,0.12944,0.036316,2
0.0010225,0.00060669,7.1295,0.2327,0.027374,2
0.001024,0.00059486,9.6862,0.27102,0.0354,2
0.0010113,0.00059397,10.494,0.23643,0.039551,2
0.0010297,0.00060055,13.038,0.20415,0.037781,2
0.0010082,0.00060655,6.9837,0.17761,0.02771,2
0.0010545,0.0006131,6.8863,0.25255,0.021027,2
0.0010259,0.00060666,15.576,0.11119,0.049042,2
0.0010405,0.00059667,14.921,0.16854,0.042267,2
0.0010458,0.000603,11.219,0.12707,0.040558,2
0.0010222,0.00060452,11.522,0.20447,0.038635,2
0.0010049,0.00059183,10.612,0.17382,0.031891,2
0.0010634,0.00063046,7.2205,0.19661,0.027313,2
0.0010222,0.00058545,21.348,0.22766,0.049957,2
0.0010092,0.00060215,6.4067,0.11362,0.024475,2
0.0010287,0.00059591,8.7699,0.10872,0.02948,2
0.00097477,0.00058033,6.5824,0.20453,0.021912,2
0.0010338,0.00060642,8.4564,0.3137,0.028107,2
0.001012,0.00058514,10.751,0.17061,0.032928,2
0.001011,0.00058991,7.9953,0.22746,0.026276,2
0.0010647,0.00061514,9.3097,0.14716,0.031342,2
0.0010613,0.00062257,10.596,0.18462,0.031342,2
0.0010473,0.00061065,9.1993,0.14991,0.026489,2
0.0010474,0.0006112,12.49,0.15088,0.033325,2
0.0010393,0.00059404,9.8865,0.18088,0.03302,2
0.0010215,0.00059936,8.6104,0.12541,0.037598,2
0.001033,0.00061097,7.527,0.21367,0.025757,2
0.0010499,0.00060425,12.098,0.33615,0.034241,2
0.0010401,0.00060694,9.0587,0.23228,0.028656,2
0.0010033,0.00057606,11.272,0.24399,0.033203,2
0.0010616,0.00062326,7.6205,0.19066,0.026855,2
0.001055,0.00060615,13.369,0.24516,0.041595,2
0.0010348,0.00059936,6.9308,0.26727,0.017975,2
0.0010337,0.00061345,6.564,0.18802,0.023621,2
0.0010595,0.00060913,9.7863,0.26565,0.030304,2
0.0010296,0.00061497,7.292,0.12357,0.030518,2
0.0010213,0.0006014,7.4895,0.26222,0.025208,2
0.001037,0.00061502,14.705,0.18573,0.039246,2
0.0010722,0.00062787,9.8272,0.29485,0.035858,2
0.0010589,0.00060512,34.112,0.22339,0.058502,2
0.0010195,0.00058736,11.84,0.22909,0.035919,2
0.0010212,0.00060444,8.7455,0.12347,0.033905,2
0.0010098,0.00057883,12.363,0.20159,0.037933,2
0.0010057,0.00058551,7.7315,0.22514,0.02887,2
0.0010545,0.00060157,21.445,0.20759,0.059723,2
0.0010428,0.00060937,14.284,0.20753,0.044617,2
0.0010167,0.00059612,9.203,0.21014,0.037781,2
0.0010103,0.00058508,10.119,0.19767,0.034241,2
0.0010212,0.00060639,8.486,0.25117,0.034119,2
0.0010124,0.00059747,9.5869,0.15394,0.030914,2
0.0010246,0.00058641,50.175,0.21976,0.068512,2
0.00099883,0.00058868,10.241,0.25529,0.037506,2
0.0010198,0.00059671,6.856,0.24284,0.024261,2
0.0010232,0.00057034,16.482,0.27505,0.043213,2
0.00102,0.00060557,7.1005,0.20264,0.025726,2
0.0010471,0.00060192,9.6532,0.12978,0.028107,2
0.0010774,0.00060668,19.052,0.35299,0.043365,2
0.0010872,0.00063121,19.906,0.22297,0.045441,2
0.0010173,0.00060241,8.5636,0.17909,0.032166,2
0.0010542,0.00061953,7.8313,0.26735,0.029785,2
0.0010415,0.00061256,8.5054,0.26386,0.031738,2
0.0010587,0.00062255,9.7479,0.31382,0.042877,2
0.0010274,0.00059995,7.1504,0.23271,0.02179,2
0.001052,0.00063115,6.3381,0.2375,0.023224,2
0.0010531,0.0006149,7.6168,0.20291,0.027618,2
0.0010735,0.00062885,7.6557,0.27882,0.02774,2
0.0010422,0.00060197,8.4121,0.13065,0.027893,2
0.0010036,0.00059247,6.7035,0.26574,0.020569,2
0.0010536,0.00062908,5.8446,0.21022,0.018951,2
0.001065,0.00061447,6.599,0.26186,0.021179,2
0.00105,0.00061261,17.093,0.31344,0.049194,2
0.0010342,0.0006189,6.726,0.22762,0.026978,2
0.0010853,0.00062484,9.173,0.27462,0.034943,2
0.0010608,0.0006272,9.8235,0.16628,0.035889,2
0.0010625,0.00060495,20.933,0.20671,0.052795,2
0.0010624,0.0006198,15.886,0.21674,0.042419,2
0.0010922,0.00063519,16.567,0.12037,0.050476,2
0.0010414,0.00061348,16.617,0.19107,0.043976,2
0.0010837,0.00063066,11.83,0.12932,0.038727,2
0.0010635,0.00061712,9.4326,0.23142,0.030762,2
0.001085,0.00061709,12.037,0.30887,0.03717,2
0.0010964,0.00063583,8.8727,0.25872,0.034424,2
0.0010493,0.0006035,8.3429,0.32518,0.031036,2
0.0010691,0.00062671,8.8278,0.22035,0.033722,2
0.0010492,0.00060197,15.855,0.23515,0.040802,2
0.0010119,0.00059679,9.6918,0.16346,0.0289,2
0.0010924,0.00063475,8.4174,0.36541,0.024475,2
0.0010909,0.00063944,8.8732,0.18492,0.034882,2
0.00064811,0.00039055,15.788,-0.010445,0.025146,3
0.00065019,0.00039185,11.952,-0.15067,0.021973,3
0.0006578,0.00039009,14.582,0.007116,0.022675,3
0.00066679,0.00038319,26.395,-0.030675,0.031219,3
0.00060189,0.00036968,6.185,-0.10403,0.01535,3
0.00061986,0.0003773,8.997,-0.10511,0.020721,3
0.00062149,0.00037694,9.2172,-0.11455,0.020355,3
0.00064761,0.00039174,11.371,0.07855,0.02301,3
0.00069928,0.00038232,149.04,1.2948,0.062897,3
0.00063795,0.0003798,18.356,-0.047608,0.026428,3
0.0006395,0.00037745,26.004,-0.061797,0.035339,3
0.00063424,0.00038356,9.1209,-0.050603,0.018829,3
0.00065935,0.00038895,33.774,0.0054173,0.039154,3
0.00063448,0.00038239,11.912,-0.07653,0.02475,3
0.00063841,0.00039926,4.775,-0.11304,0.011108,3
0.00067447,0.00040394,27.588,0.05538,0.039124,3
0.00066284,0.00039074,36.171,-0.15836,0.039764,3
0.00067138,0.00039034,22.189,-0.12542,0.029175,3
0.00065317,0.00040313,7.624,-0.085593,0.019653,3
0.00065705,0.00039371,30.716,0.22102,0.036743,3
0.00075209,0.00040042,174.08,0.28967,0.064423,3
0.00067706,0.00040071,21.531,0.048935,0.032257,3
0.00065222,0.00039221,14.599,-0.048412,0.027222,3
0.00076154,0.00038808,259.98,-0.42054,0.068115,3
0.00068249,0.00038482,101.59,0.37814,0.057892,3
0.00065051,0.00038735,17.884,0.041796,0.029205,3
0.00070382,0.00039584,54.976,-8.19E-05,0.042877,3
0.00063908,0.00038576,9.8515,-0.13478,0.022552,3
0.0006803,0.00039936,27.091,0.15415,0.035645,3
0.00065246,0.00038597,24.569,-0.26853,0.033417,3
0.00065912,0.00039775,12.668,-0.041227,0.025208,3
0.00066684,0.00040441,9.2184,-0.13408,0.022552,3
0.00062475,0.00038608,5.9549,-0.16226,0.014984,3
0.00063452,0.00039193,5.4867,-0.10508,0.015594,3
0.00064854,0.00038991,26.42,0.015127,0.034363,3
0.00063948,0.00038913,13.42,0.06865,0.02713,3
0.00070414,0.00040275,138.5,0.32519,0.068146,3
0.0006535,0.00039673,12.287,0.00048128,0.024017,3
0.00069234,0.00040254,28.101,0.086506,0.03772,3
0.00065896,0.00041166,5.2752,-0.13471,0.016754,3
0.0006581,0.00040332,7.55,-0.066178,0.018494,3
0.00065981,0.00040566,8.0998,-0.068703,0.018799,3
0.00071531,0.00040282,84.311,0.56446,0.049164,3
0.00073429,0.00040904,46.155,-0.1607,0.041046,3
0.00066546,0.00040538,11.557,-0.099035,0.027954,3
0.00071489,0.00040063,37.666,0.18697,0.033752,3
0.00064005,0.00038895,8.5673,-0.18872,0.021332,3
0.00064873,0.00039096,19.311,0.02708,0.03656,3
0.00062972,0.00038695,10.756,-0.011419,0.023743,3
0.0006648,0.00038609,77.805,0.11352,0.044708,3
0.00065833,0.00039256,26.389,-0.055454,0.041168,3
0.00065004,0.00038676,17.707,-0.070122,0.029266,3
0.0006405,0.0003767,43.058,0.12989,0.041992,3
0.00063638,0.00037599,28.959,0.064771,0.035156,3
0.00068042,0.00039905,114.18,0.24241,0.061371,3
0.00069675,0.00039707,40.203,0.15265,0.034637,3
0.00064122,0.00039001,11.041,-0.133,0.023743,3
0.00071499,0.00041359,24.016,0.07171,0.030212,3
0.00065584,0.00039257,13.373,-0.077327,0.029694,3
0.00066045,0.00040811,8.4412,-0.062156,0.025543,3
0.00064469,0.00039735,8.0269,-0.1631,0.021271,3
0.00063584,0.00038256,8.2323,-0.12316,0.016724,3
0.00068743,0.00040912,13.847,-0.028106,0.024597,3
0.00074935,0.00040607,328.94,1.7863,0.092529,3
0.00064485,0.00039666,7.3414,-0.049216,0.021973,3
0.00066865,0.00040221,12.861,-0.1087,0.026489,3
0.00065879,0.00039095,38.466,0.31375,0.045502,3
0.00064289,0.00038998,11.038,0.0037542,0.023041,3
0.00065556,0.00039449,10.308,-0.050368,0.022888,3
0.0006428,0.00039062,9.094,-0.10136,0.020416,3
0.0006404,0.00037756,26.403,0.20453,0.036865,3
0.00062773,0.00037793,13.175,-0.20769,0.024597,3
0.00064661,0.00038666,18.775,-0.013135,0.031403,3
0.00074586,0.00040066,154.89,0.6029,0.06073,3
0.00064791,0.00037994,24.389,0.026627,0.029205,3
0.00068244,0.00040389,29.851,0.065257,0.042542,3
0.00070567,0.00040418,121.92,0.28701,0.065643,3
0.00066862,0.0004055,9.93,0.068608,0.022949,3
0.00061385,0.00037897,5.6765,-0.1085,0.015442,3
0.00074495,0.00039537,237.76,-0.23357,0.073181,3
0.00067124,0.00039932,20.692,0.096151,0.033936,3
0.00068673,0.00041377,12.62,0.015678,0.024994,3
0.00065209,0.00039355,11.663,-0.098445,0.023132,3
0.00063965,0.00038453,12.126,-0.092059,0.022827,3
0.00063172,0.00037484,23.874,0.080147,0.029358,3
0.00064489,0.0003929,10.668,-0.022879,0.023895,3
0.00068079,0.00040019,29.923,0.18457,0.033997,3
0.00068329,0.00039664,48.386,0.30273,0.043549,3
0.00066327,0.00039776,14.379,0.0067413,0.027405,3
0.00064016,0.00039314,8.1113,-0.11934,0.019409,3
0.0006679,0.00040206,10.757,-0.047089,0.020935,3
0.00065675,0.00039109,14.91,-0.033714,0.026459,3
0.00064656,0.00039487,8.3304,-0.12136,0.020386,3
0.00066926,0.00039652,76.853,0.33037,0.052673,3
0.00066511,0.0003967,17.573,0.14498,0.027924,3
0.00063483,0.00038534,11.468,-0.059061,0.023682,3
0.00066904,0.00039724,22.87,-0.055678,0.034637,3
0.0006325,0.0003912,6.0705,-0.11532,0.017548,3
0.00064974,0.00039609,10.354,-0.096375,0.025543,3
0.00065813,0.00039793,8.535,-0.11241,0.022644,3
0.00066733,0.00039232,27.134,0.15632,0.035553,3
0.00070346,0.00041659,21.036,-0.11455,0.027557,3
0.00067839,0.00040689,20.704,-0.0051818,0.031647,3
0.00083808,0.00040464,498.38,-0.71873,0.098816,3
0.00067462,0.00039411,31.204,0.085494,0.035614,3
0.00071456,0.00040328,103.42,0.18214,0.063538,3
0.00075965,0.00040092,102.53,0.30692,0.05191,3
0.00065139,0.00039897,7.2774,-0.085633,0.020599,3
0.00074692,0.00039268,288.39,0.55841,0.080231,3
0.00066518,0.00039616,12.578,-0.069879,0.025146,3
0.00064729,0.000389,14.108,-0.012223,0.026733,3
0.0006332,0.00038059,9.2755,-0.11873,0.018921,3
0.00065624,0.0003973,10.424,-0.021625,0.022064,3
0.00066196,0.0003983,12.273,-0.088189,0.024719,3
0.00066782,0.00040358,12.491,-0.096024,0.023773,3
0.00064044,0.00039495,6.9329,-0.10447,0.019745,3
0.00063741,0.00038989,6.1355,-0.18805,0.015381,3
0.00069895,0.00039967,39.551,0.32998,0.036133,3
0.00062537,0.00038795,7.748,-0.10968,0.020721,3
0.00063894,0.00038973,8.7414,-0.028444,0.021698,3
