V1,V2,V3,V4,V5,V6,V7,V8,V9,V10,V11,V12,V13,V14,classLabel
4.6171875,7.5442225,96.991341,6.2310688,74.243502,2.3085938,4.3053187,19.444002,113.95594,0.018035889,18.219113,12160742,5442833.3,1830,1
3.828125,5.2333115,91.306603,5.0820471,67.68965,1.9140625,3.6963731,33.609954,292.76556,0.014953613,34.799839,11585447,5869165,1830,1
5.984375,5.4063019,110.16188,4.4213865,102.90303,2.9921875,6.0338861,87.14999,1332.492,0.023376465,91.457824,27466263,22477398,2760,0
2.9140625,4.4226107,94.296799,6.5431215,73.895453,1.4570313,2.7379163,24.732154,168.49137,0.011383057,25.468194,10403070,5555125.1,1800,1
4.484375,4.5333139,98.297192,3.994144,92.868744,2.2421875,5.2006728,39.773528,430.65585,0.01751709,42.137266,14596068,5043703.4,1690,1
1.7421875,2.5293431,100.58982,2.1036152,87.608824,0.87109375,1.7587274,25.473617,170.51792,0.00680542,29.482902,10170189,5303029.3,1780,1
0.1171875,0.34643502,123.95294,0.3549426,99.352941,0.05859375,0.29453249,70.304791,769.23258,0.000457764,58.512336,11705873,11190054,2870,0
0.421875,0.71661249,117.33333,0.70361832,99.040724,0.2109375,0.71017638,149.8807,3835.0194,0.001647949,112.63558,31236743,26483961,2870,0
7.4453125,7.6351947,87.668662,4.7455364,92.4964,3.7226563,8.3626876,74.978606,1123.0729,0.029083252,71.312484,29049440,11409488,1760,1
3.6953125,3.4812401,109.27895,3.2062374,103.55381,1.8476563,3.6261894,85.17041,1224.8315,0.014434814,94.609455,28536644,24388656,2860,0
0.296875,0.56623324,115.65325,0.42295129,111.42081,0.1484375,0.46170772,92.863348,1309.7393,0.001159668,82.365911,34659947,30965078,3000,0
2.78125,2.6825112,110.94646,1.1432789,105.22689,1.390625,2.7043447,72.102465,983.0718,0.010864258,67.353093,25283431,15604440,2830,0
5.8125,5.204102,97.802657,5.7454567,96.208724,2.90625,6.03316,69.285879,892.76393,0.022705078,83.896602,18459590,9236924.8,1730,1
2.828125,2.8453841,107.8089,1.8362465,105.28202,1.4140625,2.9744727,89.725283,1428.0511,0.011047363,81.273617,30464186,16964587,2950,0
0.0703125,0.25667755,123.92157,0.281373,114.2246,0.03515625,0.20468621,80.925202,892.99129,0.000274658,64.776302,18490968,16941173,2800,0
0.65625,0.99159857,111.19328,0.74369892,109.39736,0.328125,0.88214867,59.993638,812.00953,0.002563477,53.743321,15948871,13091244,2900,0
1.3125,2.2263632,70.932773,1.8055034,77.147059,0.65625,1.5156051,40.824183,379.57449,0.005126953,38.114877,19537364,7074141.1,1810,1
0.6328125,1.4573792,79.320261,0.79305549,60.151261,0.31640625,0.83869902,14.480576,74.144102,0.002471924,16.761768,7597272.2,4521508.9,2310,1
5.7265625,5.4580935,96.288901,5.0225317,92.555986,2.8632813,5.3512743,45.464588,455.69998,0.022369385,46.984617,15135382,5917829.9,1720,1
3.167038699,5.825251906,99.985359,4.84391494,99.819102,1.583519362,3.95916802,140.55428,3899.2179,0.012371245,155.8337,43870389.65,21925492.42,2820,0
4.6171875,8.3704778,99.208122,4.7521234,75.368512,2.3085938,4.5558069,17.837195,102.31874,0.018035889,16.837456,11818191,5230332.1,1840,1
0.9921875,2.0058815,92.520611,0.6010162,70.588235,0.49609375,1.1648379,18.962514,109.42412,0.003875732,22.177096,10163940,5563750.7,1910,1
8.7890625,7.6463695,95.112784,6.1276961,99.810169,4.3945313,8.3818554,89.20801,1232.493,0.034332275,98.357942,43406831,16825403,1650,1
0.1171875,0.38924708,80.941176,0.36010442,137.2437,0.05859375,0.28090256,48.385344,467.34812,0.000457764,51.054142,18635113,14576059,2660,0
0.125,0.3549426,100.85294,0.34223674,97.058824,0.0625,0.24253563,89.30319,1042.7945,0.000488281,78.787526,36550396,33888335,2870,0
4.2890625,4.0917669,113.21633,2.9510441,102.43765,2.1445313,4.5862764,79.796537,1234.3246,0.01675415,88.489577,25356567,21367631,2940,0
3.296875,3.3890964,101.2891,3.2847832,95.336035,1.6484375,3.1945784,36.989757,329.59984,0.012878418,40.381743,14070839,4852437.6,1660,1
0.796875,1.1796127,109.86851,1.1042765,117.06891,0.3984375,1.3006173,104.8658,2454.5263,0.003112793,77.794506,22220033,18293511,2890,0
3.167038699,5.825251906,83.985452,4.84391494,89.099724,1.583519362,3.95916802,61.41258372,926.2525668,0.012371245,60.71126124,43870389.65,21925492.42,1860,1
0.40625,0.71472146,104.52489,0.697251,98.913642,0.203125,0.51425751,51.967611,478.66205,0.001586914,52.861839,21647720,17318380,2880,0
0.171875,0.43669076,97.925134,0.37834792,114.13003,0.0859375,0.28082075,56.604625,533.58662,0.000671387,54.018116,12529979,7199713.1,2970,0
4.375,4.7818555,88.628571,5.7738241,87.953547,2.1875,4.9320878,60.685712,693.78301,0.017089844,80.592371,17481602,9518520.4,1870,1
0.8046875,1.9402841,80.045688,0.82525199,63.315508,0.40234375,1.0946547,19.264912,149.07519,0.003143311,19.386014,7364512.9,4301311,2290,1
0.2890625,0.5771549,121.56439,0.70497215,106.28054,0.14453125,0.49170509,141.42383,3388.2248,0.00112915,112.01843,36274163,25803278,2850,0
5.609375,5.0090224,111.05161,4.4620488,95.483625,2.8046875,6.9412759,84.088087,1592.2971,0.021911621,84.176264,23649704,20308839,3000,0
4.390625,7.3679818,95.289094,5.3252481,73.891929,2.1953125,4.1897327,17.116681,93.905288,0.017150879,16.313034,12376087,5403115,1850,1
4.0703125,4.982147,90.531783,6.5318534,76.309472,2.0351563,4.2806833,31.731038,251.19096,0.015899658,32.6033,11338721,5919078.2,1790,1
3.203125,4.0593227,80.601435,4.9829866,84.765244,1.6015625,4.4135973,34.120382,428.71954,0.012512207,48.081335,14738709,7420033.2,1860,1
0.7109375,0.95696653,111.32773,1.1580077,95.782805,0.35546875,0.72666939,59.576344,597.54639,0.0027771,57.744104,24477073,15149688,2910,0
1.859375,3.4361083,93.010381,2.1834538,72.870266,0.9296875,2.1463461,19.979148,141.98197,0.007263184,21.524213,9644937.6,4940355.4,1880,1
0.8828125,2.2294418,79.158771,0.9027517,62.117647,0.44140625,1.1221847,12.356014,59.486038,0.003448486,13.638689,7549140.6,4481398.5,2290,1
5.0546875,4.4550398,110.91627,3.1608767,102.77185,2.5273438,6.62787,84.140421,1213.1952,0.019744873,84.231708,31831094,11919593,1600,1
5.0078125,7.614218,100.01065,6.3806232,75.728052,2.5039063,4.4209821,19.171788,108.71926,0.019561768,18.13851,12419931,5557835.9,1800,1
0.796875,1.9087836,83.16955,0.98300019,60.743034,0.3984375,0.9888781,14.992078,74.705231,0.003112793,15.316834,7480312.9,4529865.4,2260,1
0.40625,0.70361832,97.19457,0.78979091,106.30065,0.203125,0.50657442,50.254078,426.81294,0.001586914,54.936157,21904062,17463440,2910,0
10.742188,10.35834,85.44616,10.224519,82.249348,5.3710938,10.557359,82.575131,1267.477,0.04196167,93.228688,20039455,14929659,1920,1
0.765625,1.4767723,88.206483,1.0266803,63.804878,0.3828125,0.92986268,16.361065,100.32395,0.002990723,16.057026,7630015.5,4567469.1,2240,1
5,4.9755307,97.283824,4.7421713,89.946078,2.5,4.7708264,43.029515,393.77035,0.01953125,45.09463,15165080,5668901.3,1710,1
0.75,1.0039293,112.17647,0.60753147,94.395722,0.375,0.83548741,65.617003,786.61641,0.002929688,72.440096,28209730,20709257,2870,0
0.203125,0.49181289,98.171946,0.45994854,98.700767,0.1015625,0.32755407,43.608316,340.83994,0.000793457,46.042289,20454636,10062789,2920,0
0.4140625,0.69335818,107.82686,0.66920449,121.19457,0.20703125,0.64482052,89.407426,1393.3775,0.001617432,70.771079,22358839,17105558,2900,0
1.7265625,4.2587841,64.238488,1.6346812,57.901692,0.86328125,2.099687,30.951522,294.18895,0.006744385,30.067459,8921817.8,5383005.6,2200,1
1.90625,2.5914381,103.74156,2.4203732,83.718379,0.953125,2.4070464,28.858616,276.04713,0.007446289,28.504686,10104713,5032969.7,1760,1
0.6640625,1.3297169,80.653287,0.88165356,59.814241,0.33203125,0.91774947,13.93256,69.927726,0.002593994,17.206607,7443124.3,4538859.3,2330,1
9.0234375,10.008237,82.412834,7.4176416,83.397418,4.5117188,9.9913619,64.732352,899.63596,0.035247803,65.867777,18209757,10422234,1840,1
1.765625,2.9039326,99.029672,3.8499076,72.751165,0.8828125,1.6855608,19.518694,109.81003,0.006896973,22.789191,10024541,5407813.8,1780,1
4.359375,5.5468433,82.987982,5.5336302,80.187696,2.1796875,5.2152621,48.719905,573.15555,0.017028809,45.434898,14357713,6217615.1,1850,1
4.0625,4.3157832,95.530317,2.5935143,95.875024,2.03125,3.8100744,56.734995,604.16187,0.015869141,52.202092,22769038,8889564.2,1660,1
0.1015625,0.37310875,107.72851,0.27350164,82.411765,0.05078125,0.21998078,72.762452,728.95252,0.000396729,62.375985,19934196,12236778,2930,0
0.0625,0.24301259,98.647059,0.29262591,139.52941,0.03125,0.17433346,129.75265,2071.7422,0.000244141,101.77019,23202392,18555135,2880,0
0.1953125,0.48697352,110.17412,0.45994854,114.04604,0.09765625,0.33465577,69.62477,679.2017,0.000762939,64.123087,19157894,11916093,2810,0
0.6015625,1.1524697,84.192513,0.71811316,61.70778,0.30078125,0.79172149,12.749645,65.273022,0.002349854,14.900012,7635421.7,4661070.8,2260,1
0.6015625,1.1993426,84.705882,0.71226426,64.600406,0.30078125,0.72447369,15.54973,80.767347,0.002349854,17.14538,7680159.2,4574186.4,2270,1
1.5390625,3.8940745,66.704091,0.91490152,55.82194,0.76953125,1.600738,28.949085,227.58948,0.006011963,29.208546,8963421.3,5619773.6,2200,1
5.390625,4.9774838,96.002046,5.6156199,95.053364,2.6953125,5.7993355,76.594351,1182.5359,0.021057129,85.75242,18911291,9152213.3,1750,1
1.3359375,2.4759547,70.23323,1.7582588,71.101604,0.66796875,1.4372869,33.102669,285.04893,0.005218506,30.358796,18089288,6601977.2,1830,1
0.125,0.37647348,106.94118,0.39861658,113.68421,0.0625,0.27296484,36.084109,361.05658,0.000488281,71.901639,13807311,7141262.9,2880,0
8.1015625,7.9919643,89.966306,8.2341435,86.412438,4.0507813,9.0921944,80.679068,1250.8936,0.031646729,90.145845,20138607,12355841,1830,1
4.1953125,4.597258,91.401906,2.4693869,97.282972,2.0976563,5.1306685,53.063502,664.21622,0.016387939,48.767809,21396070,8265978.6,1680,1
0.28125,0.61397761,118.39216,0.3630816,111.94464,0.140625,0.52743367,154.58519,926.2525668,0.001098633,135.38115,50672039,29752818,2950,0
7.515625,6.5423928,94.4723,7.3326305,88.586195,3.7578125,7.9933758,77.778521,1185.683,0.02935791,90.734138,20388685,11923517,1790,1
0.5625,0.88513534,109.76471,0.29721476,123.10588,0.28125,0.95332236,142.60467,926.2525668,0.002197266,134.8398,34474272,22748560,2800,0
3.167038699,5.825251906,88.017495,4.84391494,88.060336,1.583519362,3.95916802,114.20628,2959.9131,0.012371245,157.605,43870389.65,73701557,2960,0
3.9609375,3.9652076,100.60007,4.0291446,93.396884,1.9804688,3.791064,39.220813,358.42173,0.015472412,41.729902,14635499,5059615.3,1680,1
0.078125,0.26942268,114.77647,0.29721476,94.729412,0.0390625,0.21337048,32.60406,282.54797,0.000305176,30.878447,9373719.3,5087628.6,2860,0
0.109375,0.33753098,124.84034,0.32819822,97.303167,0.0546875,0.25997266,113.95242,1961.1949,0.000427246,94.515568,28108982,19999164,2920,0
0.1484375,0.39861658,105.36223,0.41197324,115.83193,0.07421875,0.27716947,96.607416,1284.5132,0.000579834,82.307977,21687631,13214357,2910,0
4.6171875,7.7196152,97.027172,5.3829197,75.246613,2.3085938,4.1626825,17.313685,94.179818,0.018035889,16.533872,12189404,5394501.1,1830,1
4.2578125,6.8115766,84.529736,8.1429126,69.50946,2.1289063,4.3153834,19.497907,123.62898,0.01663208,18.165298,12443802,5543012.9,1850,1
5.4453125,4.9450661,96.927673,6.1476061,92.933774,2.7226563,6.4294996,74.38466,1145.796,0.021270752,82.900764,18458657,8862930.8,1760,1
0.125,0.3968379,120.97059,0.25667755,106.66667,0.0625,0.25819889,148.96413,2725.4264,0.000488281,126.39568,59162548,39519916,2950,0
0.1015625,0.32819822,111.63801,0.30808895,104.98396,0.05078125,0.21998078,46.981994,353.18474,0.000396729,45.852345,12221695,8310461.1,2930,0
5.2109375,9.0071296,99.312461,6.3697147,74.732799,2.6054688,4.8826031,19.71473,117.43477,0.020355225,18.303523,12458707,5611320.5,1820,1
4.640625,4.4857331,100.77243,2.7151061,100.78518,2.3203125,4.9236263,65.594993,805.72639,0.018127441,60.24432,25589620,9555263.4,1660,1
11,10.99463,85.465909,9.9865282,83.09063,5.5,11.522187,78.258732,1177.3982,0.04296875,91.611495,20079754,14477591,1900,1
0.15625,0.3855153,106.37647,0.31839905,108.47059,0.078125,0.30956959,41.647058,386.74998,0.000610352,42.04733,20553807,8703665.9,2710,0
4.3203125,4.7070622,90.393788,2.3333743,95.010734,2.1601563,4.4167389,52.809794,589.32902,0.016876221,51.03237,22172810,8385678.1,1690,1
0.78125,1.6597955,79.058824,1.0876623,67.879952,0.390625,0.99987744,16.180569,91.172457,0.003051758,17.165658,7821475.3,4665356.5,2280,1
4.6328125,4.1466638,110.02718,3.8310066,96.535281,2.3164063,4.7853416,81.408657,1225.4424,0.018096924,84.333621,24328651,20251790,2750,0
0.1484375,0.37834792,131.88854,0.281373,99.465241,0.07421875,0.27716947,103.06006,1863.378,0.000579834,91.726006,25221368,18884172,2980,0
0.1875,0.39184602,114.82353,0.47137552,86.631016,0.09375,0.37442767,61.624705,748.76686,0.000732422,60.691249,21563110,13362696,2810,0
0.125,0.3320184,92.911765,0.30808895,101.00535,0.0625,0.28697202,72.892165,785.81722,0.000488281,68.88636,25815171,22236116,2850,0
4.25,4.7736151,92.034602,2.0725047,99.330171,2.125,4.2546399,48.791391,503.5078,0.016601563,44.955893,20956975,7945175.7,1680,1
3.9140625,3.6651741,113.9838,3.1751585,101.65065,1.9570313,4.0576857,80.736718,1248.2255,0.015289307,82.670971,23299862,19350521,2710,0
0.0625,0.24301259,113.29412,0.30325904,98.932127,0.03125,0.19553847,62.279403,739.61464,0.000244141,84.923163,15209744,8659456.6,2790,0
0.1328125,0.38415658,103.391,0.3133355,119.89916,0.06640625,0.27915203,81.352237,836.1229,0.000518799,95.400324,31792363,24431150,2950,0
0.75,1.0271894,111.94118,1.0585411,110.81577,0.375,0.986179,68.137998,982.14331,0.002929688,56.852601,21903861,16626045,2870,0
1.65625,1.9336942,109.99778,1.5585482,109.78444,0.828125,1.5472144,46.376403,398.2706,0.006469727,46.672057,15145977,12920215,2780,0
2.7421875,6.6902751,61.727501,2.880152,55.183391,1.3710938,2.7905626,29.513512,237.97939,0.01071167,30.495012,9308891.7,6068614.8,2180,1
3.1796875,3.8809723,86.554704,4.4329819,82.442083,1.5898438,3.8039884,40.882294,459.07848,0.012420654,43.453184,14027647,5441258.6,1800,1
0.25,0.51741331,90.088235,0.57115498,117.78151,0.125,0.34299717,43.349424,327.92379,0.000976563,51.465936,21890864,17494065,2770,0
5.5546875,5.2643633,97.709605,3.3709238,101.15311,2.7773438,5.9198266,70.268911,886.15035,0.021697998,65.567569,27659469,10246486,1680,1
0.90625,2.0095735,81.894523,0.87784268,63.047346,0.453125,1.1331675,14.114573,75.457651,0.003540039,15.19725,7630395.7,4575626.9,2280,1
0.40625,0.62035677,106.37104,0.68370913,115.66203,0.203125,0.63689658,134.22841,3366.1457,0.001586914,113.80224,41774909,30151623,2840,0
7.953125,7.1053483,96.955507,6.1671627,92.30706,3.9765625,9.825908,64.242651,1035.9128,0.031066895,67.126474,18445503,8281499.7,1750,1
2.3515625,4.5637908,81.685363,3.492258,66.627451,1.1757813,3.1753276,23.13206,248.73731,0.009185791,20.195653,11442038,5264816.4,1920,1
3.78125,5.7942919,84.492951,6.18792,70.340875,1.890625,3.5836981,31.808869,254.58018,0.014770508,30.867193,10817490,6064182.6,1880,1
2.4453125,2.6016609,110.46946,1.6589058,101.57801,1.2226563,3.4278608,85.017046,2014.3505,0.009552002,81.184866,20171565,18101965,2860,0
3.9140625,5.7315639,92.734061,6.7923314,73.843532,1.9570313,3.8289544,29.955898,241.05415,0.015289307,30.262192,11221744,6049011.2,1830,1
5.21875,9.2293076,98.339556,6.0056926,74.246953,2.609375,4.6454437,18.565271,105.43079,0.020385742,17.312579,12162055,5436279.6,1830,1
4.640625,5.0473886,89.872846,2.8423016,95.683342,2.3203125,6.5072311,60.627176,901.49,0.018127441,55.855633,23269042,8866066.2,1690,1
4.546875,5.4525287,88.439054,5.2014298,79.382925,2.2734375,4.0684628,38.554805,352.82932,0.01776123,39.405926,11976141,6139051.9,1830,1
4.859375,6.1946565,81.364857,5.1109732,77.268908,2.4296875,6.45975,55.137894,834.85777,0.018981934,51.180214,14717055,7413789.4,1880,1
1.90625,2.2217164,109.55063,1.4259097,102.53176,0.953125,2.0688516,96.620522,1934.3375,0.007446289,84.554916,29048960,23614350,2980,0
0.671875,1.0656363,108.13133,1.6222342,81.256382,0.3359375,0.79977785,23.883112,158.94078,0.002624512,27.14011,9563752.2,4650971.4,1750,1
0.625,1.4253056,80.029412,1.2097608,59.500717,0.3125,0.81889452,14.840773,74.568842,0.002441406,15.689186,7694369.8,4537672.8,2310,1
0.15625,0.42440324,130.44706,0.24301259,87,0.078125,0.30956959,83.916538,1194.4349,0.000610352,81.809263,20361916,17739511,2860,0
3.375,5.1512555,97.823529,6.7071584,75.487228,1.6875,3.1641373,24.618307,165.52732,0.013183594,25.849041,10542365,5797071.3,1800,1
0.4921875,0.95568003,83.473389,0.7387193,61.281046,0.24609375,0.67299767,16.524033,84.302215,0.001922607,18.594797,7964741.3,4712156.1,2290,1
0.2734375,0.542883,103.94622,0.50950609,112.37647,0.13671875,0.44375777,76.466292,1294.1833,0.001068115,65.649181,21740941,17187995,2960,0
6.765625,5.8853674,97.514468,6.0322654,97.612839,3.3828125,8.5130775,82.421317,1310.4889,0.026428223,105.28696,24041793,13481950,1770,1
0.40625,0.71472146,109.60181,0.6520712,99.205882,0.203125,0.58556994,81.953269,1134.2667,0.001586914,67.352498,23859883,16582093,2910,0
3.9453125,5.7168195,85.552941,6.6591473,73.020433,1.9726563,4.1590009,38.807541,381.96169,0.015411377,36.072822,11143006,6025657.1,1840,1
3.3359375,3.1178363,101.68343,3.4691767,95.180266,1.6679688,3.0504113,35.224682,288.55958,0.013031006,36.969942,13903770,4758220.8,1660,1
4.53125,7.4473876,96.890872,6.8040451,74.788411,2.265625,4.0776471,18.177398,103.36009,0.017700195,17.436686,12326125,5481032.6,1820,1
5.2109375,6.1869209,87.391833,3.4584055,89.179526,2.6054688,4.9583174,55.33818,613.45649,0.020355225,51.091125,22500565,8461350.3,1720,1
10.367188,9.9564968,85.467618,9.4099774,84.793779,5.1835938,12.340015,90.836077,1550.6397,0.040496826,114.2074,24505481,19165538,1930,1
8.3515625,7.5038991,93.1144,8.1818912,88.049943,4.1757813,9.3810593,74.628011,1115.6655,0.032623291,85.393318,18969330,10630751,1820,1
3.71875,3.4066574,97.963421,3.4462889,103.31625,1.859375,3.6659202,90.074401,1386.2343,0.014526367,106.22286,27782881,12615483,1670,1
2.7265625,2.6164677,108.89601,1.059006,106.49554,1.3632813,2.7760989,67.845973,962.7647,0.010650635,64.405495,24024760,21841171,2870,0
0.7578125,2.3130785,57.955124,1.2162774,52.894118,0.37890625,0.94193396,18.617841,107.94245,0.002960205,18.308584,7665451.1,4795551.6,2720,1
3.167038699,5.825251906,66.059118,4.84391494,72.21622,1.583519362,3.95916802,61.41258372,926.2525668,0.012371245,60.71126124,43870389.65,21925492.42,1660,1
5.4453125,18.016532,56.861507,4.4235565,51.33075,2.7226563,5.1263673,19.671193,123.43759,0.021270752,18.946137,11791390,5441629.4,2500,1
0.0703125,0.28571209,114.5098,0.47682513,125.57647,0.03515625,0.18453539,30.623467,212.15977,0.000274658,33.618311,10464813,4593457,2940,0
0.5390625,0.83148992,116.76726,0.88610779,108.72605,0.26953125,1.0560792,132.03963,3299.3589,0.002105713,101.7113,33375789,25227562,2880,0
4.7421875,5.4646265,86.961915,2.9628607,92.447818,2.3710938,5.6449686,55.019574,675.44467,0.01852417,53.434338,23119215,8691369.8,1710,1
4.2734375,4.9687446,92.136359,2.885945,97.085006,2.1367188,4.8467555,58.648928,642.65736,0.016693115,58.558548,23234324,9034010.3,1670,1
0.6015625,1.3651445,81.295646,0.7011222,61.533469,0.30078125,0.87635574,13.511614,76.884122,0.002349854,15.530945,7311966.7,4389053.1,2270,1
4.78125,7.6095025,98.638985,5.8963947,74.59595,2.390625,4.1909976,18.955805,108.28283,0.018676758,18.060925,12523446,5575489.4,1810,1
0.7109375,1.012927,114.04266,1.2693144,111.44774,0.35546875,0.91319809,91.079574,1463.1297,0.0027771,77.227797,24830279,18619853,2960,0
0.125,0.3320184,111.08824,0.3133355,123.42857,0.0625,0.25819889,146.72793,2759.6441,0.000488281,123.24244,35276876,28185925,2920,0
0.3828125,0.62897359,103.66387,0.62035677,105.17647,0.19140625,0.52251689,94.60351,1777.2793,0.001495361,79.370126,21705040,16949978,2940,0
2.5234375,4.1373369,99.802586,3.4212797,68.294946,1.2617188,2.4346074,20.92233,123.39717,0.009857178,23.117254,10498565,5663149.9,1830,1
1.9921875,2.157193,106.99516,0.85803291,113.52941,0.99609375,2.0224195,58.463682,712.80866,0.007781982,54.326236,21580876,17144202,2790,0
5.8515625,6.3296451,86.472002,6.0592902,88.561869,2.9257813,6.9895131,68.865845,817.72245,0.022857666,90.501635,19650765,10796161,1870,1
0.609375,1.2688539,82.497738,1.1877978,61.490196,0.3046875,0.86825129,15.495079,81.987676,0.002380371,17.42911,7505360.8,4500884.7,2300,1
3.9921875,6.38218,94.610337,7.054275,76.25098,1.9960938,4.9772014,32.179057,374.69835,0.015594482,30.373211,11378277,6246568.6,1810,1
0.3046875,0.68226803,104.50679,0.47553327,102.67873,0.15234375,0.61055614,123.47784,3040.7143,0.001190186,100.65977,26607641,24477735,2950,0
3.0859375,3.2361816,103.77722,3.5835088,91.657754,1.5429688,3.4931459,37.412949,370.46187,0.012054443,37.518094,13740643,4604125.7,1630,1
2.5703125,4.8759148,79.689612,4.6410991,67.290113,1.2851563,2.8368607,17.765439,114.82954,0.010040283,16.188333,10787398,5092187.3,1920,1
0.0859375,0.30808895,89.326203,0.30808895,128.85561,0.04296875,0.20318391,138.17537,2238.9412,0.000335693,133.46461,45725357,36321213,2980,0
2.0078125,2.157193,104.44862,1.997892,108.97373,1.0039063,1.7388255,80.633439,968.64433,0.007843018,84.548112,29783591,24981346,2760,0
2.3046875,2.2987795,107.70568,2.6110074,104.44887,1.1523438,2.6884346,94.050525,1591.6942,0.009002686,93.082486,29334969,23900346,2850,0
3.765625,4.1893836,94.430071,2.5809722,99.83045,1.8828125,5.4154769,61.782875,1006.8064,0.014709473,59.868307,22567240,8749475,1650,1
0.5546875,1.25371,89.040597,0.99407695,65.576471,0.27734375,0.71759018,14.500359,75.648639,0.002166748,16.53759,7683044.2,4622883.3,2220,1
2.2109375,2.1795483,107.97755,1.7824605,109.25963,1.1054688,2.1640126,69.74117,760.45365,0.008636475,68.921474,28130796,10716642,1530,1
3.640625,3.5621244,92.809896,4.439714,94.57672,1.8203125,4.0086839,57.779687,550.88924,0.014221191,86.195675,19540259,8482020.4,1830,1
0.21875,0.51646131,93.781513,0.56421981,113.91481,0.109375,0.34831527,24.746454,167.42163,0.000854492,29.991608,14849906,11260220,2810,0
1.796875,2.4793934,102.31611,2.0883388,85.031674,0.8984375,1.8164384,26.521813,183.02104,0.007019043,29.059616,10265846,5223270.6,1770,1
0.6328125,0.92957609,98.178649,0.78176656,107.8111,0.31640625,0.83869902,79.563138,1244.2364,0.002471924,74.124692,26210234,20910466,2940,0
4.5078125,6.1208255,76.656132,6.966274,82.054186,2.2539063,6.326569,37.488375,449.09154,0.017608643,47.254426,14754329,7047155.3,1880,1
3.828125,3.645965,100.92389,4.4075072,100.13341,1.9140625,3.6148438,64.305577,648.86732,0.014953613,80.618478,18186089,8053533.2,1690,1
0.6328125,2.0691628,85.40305,0.21220162,70.117647,0.31640625,0.81498489,12.281651,57.018826,0.002471924,12.254268,10535824,4641935.4,2020,1
2.34375,5.0484854,80.032941,3.1622777,65.588235,1.171875,2.7342687,16.712919,111.70639,0.009155273,15.703109,11256060,5145418.6,1960,1
2.2421875,2.2474696,109.10432,1.9836313,100.95544,1.1210938,2.0724581,57.288442,560.35003,0.008758545,62.371233,19163137,15947324,2780,0
0.921875,1.9586649,83.294118,0.30808895,72.128342,0.4609375,1.0358465,30.697522,282.9615,0.003601074,32.916849,10437162,5631119.1,2040,1
3.3125,3.3243317,99.08657,3.2096124,97.941596,1.65625,4.4807869,47.537727,736.06244,0.012939453,43.853543,14277884,4879487.7,1650,1
6.03125,5.7888537,109.23804,4.5190909,97.469882,3.015625,5.1273727,70.460837,879.25971,0.02355957,78.546723,23138057,19523436,2750,0
0.671875,1.1301827,101.02326,0.5985033,87.939279,0.3359375,0.86116514,21.367983,164.19178,0.002624512,25.372058,10804054,5132686.1,1790,1
2.3203125,5.5371808,62.997029,1.9264113,56.959814,1.1601563,2.2995597,31.850828,257.10828,0.009063721,31.701869,9104427.9,6300779.1,2180,1
1.4375,1.7195037,109.61125,1.3774584,105.56069,0.71875,1.4762831,102.12021,1618.0001,0.005615234,109.14708,35968182,28856023,2860,0
5.671875,5.4340852,107.87166,4.7764751,97.901367,2.8359375,6.8733955,86.489172,1521.886,0.022155762,89.195401,26137762,21091825,2770,0
0.0859375,0.33266625,121.92513,0.37647348,97.235294,0.04296875,0.22164575,73.019879,794.49373,0.000335693,76.784305,30492988,25475336,2830,0
0.390625,0.74489734,106.70118,0.82275105,106.50267,0.1953125,0.54677082,124.43334,2749.2033,0.001525879,111.58641,42320106,32044005,2920,0
7.9375,8.151856,85.345067,5.7742076,87.949779,3.96875,8.4778257,88.997076,1489.1646,0.031005859,86.559755,32884893,15799879,1790,1
5.3203125,8.7941763,97.600415,5.7659772,73.533819,2.6601563,4.5913105,18.507656,103.63878,0.020782471,17.752939,12311149,5456191.7,1830,1
5.3203125,4.7503561,97.88028,5.5515602,97.447424,2.6601563,5.4454275,70.735416,847.21269,0.020782471,91.232006,20811649,10423561,1750,1
5.1015625,4.5883108,101.14332,4.6623109,94.499024,2.5507813,5.7549092,51.04146,650.5157,0.019927979,51.170023,15796064,5633780.8,1690,1
9.7890625,9.8872799,84.250692,9.2054417,82.040693,4.8945313,12.019943,90.126623,1533.6687,0.038238525,100.93959,21897752,17439795,1920,1
0.2890625,0.61672674,117.36725,0.48602518,116.77941,0.14453125,0.50740533,75.414523,1071.9054,0.00112915,69.299609,18203850,15308039,2840,0
5.4140625,5.5550606,91.294118,3.1502621,94.415806,2.7070313,6.4135357,59.618258,779.03257,0.021148682,57.378168,24203736,9196441.9,1690,1
4.9765625,8.7173145,99.355434,4.8731952,75.063725,2.4882813,4.8941601,18.234311,105.96902,0.019439697,17.55779,12120042,5457434.9,1820,1
11.21875,11.008184,80.488284,11.209255,79.452087,5.609375,12.649566,95.57999,1643.5264,0.043823242,115.76767,25849114,24042092,2050,1
4.71875,7.5356763,99.26529,5.4685426,76.279002,2.359375,4.6991603,18.114783,107.94402,0.018432617,17.401371,12139452,5413812.6,1810,1
0.7578125,2.2121572,81.300182,1.0419357,70.901961,0.37890625,0.95844256,10.686023,45.427555,0.002960205,10.851333,10300689,4758077.4,2000,1
5.1171875,4.6577699,99.403323,5.6677998,94.707759,2.5585938,5.5303516,75.007073,1009.6996,0.019989014,85.545389,19026678,9323999.6,1730,1
5.4921875,4.5782713,99.538449,5.3996699,101.39666,2.7460938,5.802804,89.25788,1576.1623,0.021453857,108.31946,24458099,12903516,1740,1
3.796875,3.5391163,105.40886,4.2198371,100.85386,1.8984375,4.5215646,58.47597,557.06148,0.014831543,76.454243,17751327,7908805,1690,1
0.8046875,1.1367767,111.59794,0.91305061,105.30104,0.40234375,1.3884094,114.58802,3412.9306,0.003143311,95.791051,26041444,17522897,2840,0
0.421875,0.69428913,96.601307,0.67428695,107.53442,0.2109375,0.56917338,89.607643,1372.0971,0.001647949,77.388105,24946928,19391922,3000,0
5.375,5.5938662,92.608071,3.2790851,94.068845,2.6875,4.9795661,57.992121,618.27321,0.020996094,55.253148,23552285,8953367.6,1690,1
3.21875,3.3624548,101.08167,1.7419493,102.32836,1.609375,3.6669897,53.729906,573.02678,0.012573242,49.745798,21747413,8305250.1,1640,1
0.09375,0.31839905,93.294118,0.35137175,115.76471,0.046875,0.22955626,46.988233,401.98878,0.000366211,50.781097,19140857,15219982,2680,0
2.671875,4.4156297,98.414861,3.5637819,67.81558,1.3359375,2.9098274,24.672828,181.97599,0.010437012,26.636646,10663255,5803933.6,1840,1
0.140625,0.41115116,101.09804,0.37647348,105.26471,0.0703125,0.27105006,83.958687,856.32483,0.000549316,93.725657,46566682,21773084,2930,0
0.4921875,0.94740502,102.4986,0.73826115,113.41176,0.24609375,0.52950622,72.059436,769.40918,0.001922607,75.458843,21459537,18049567,2770,0
4.7734375,4.7706696,92.279965,2.4909284,95.436275,2.3867188,6.4773254,63.276448,931.43738,0.01864624,60.76069,23400269,9132210.7,1670,1
4.640625,6.6519009,90.022579,7.6631693,70.424913,2.3203125,7.3141642,26.677863,393.12001,0.018127441,23.366074,12653226,5542472.2,1880,1
1.859375,2.0686424,107.70934,1.6018375,103.94431,0.9296875,1.6242457,51.059076,447.33228,0.007263184,50.549323,16353373,13420129,2860,0
1.875,2.0620302,108.97059,2.0763005,103.63692,0.9375,2.1792245,96.10911,1681.5509,0.007324219,99.377886,30560019,25066353,2810,0
5.1875,5.9217336,86.853296,3.1672537,90.966578,2.59375,5.0564461,55.12421,601.34415,0.020263672,51.481265,23133481,8691567.7,1710,1
0.234375,0.49381011,108.65882,0.41790335,102.39009,0.1171875,0.41767036,122.09469,2453.5153,0.000915527,102.06113,16424700,16225784,2970,0
5.40625,4.9619616,97.203672,5.7328141,99.632941,2.703125,6.8133196,84.823793,1312.9724,0.021118164,107.55799,23698226,11680781,1740,1
8.96875,8.6114166,88.895675,7.7321677,84.326136,4.484375,10.806305,65.714202,938.3255,0.03503418,66.500802,18330391,9304775.7,1820,1
0.28125,0.57421634,115.05882,0.43633845,97.857585,0.140625,0.51234754,86.97851,1123.9663,0.001098633,89.78736,36989594,17891951,3000,0
0.203125,0.40390564,116.1448,0.34070547,118.08997,0.1015625,0.42175811,121.00774,2441.7028,0.000793457,104.52055,26817199,18363036,2910,0
3.3515625,5.1168855,95.081859,6.941828,73.257353,1.6757813,2.8902065,25.653191,164.70259,0.013092041,28.007857,10735745,5772778.3,1810,1
3.5859375,5.4129145,98.491349,5.7681586,70.645858,1.7929688,4.0215241,29.998016,268.49902,0.014007568,29.27993,10842780,5841648.4,1830,1
2.4609375,5.896619,63.278431,2.0469243,55.442604,1.2304688,2.7620697,35.2389,317.68079,0.009613037,34.70146,9487382.2,6585702.4,2190,1
0.7265625,1.4347479,86.982922,1.7422494,61.372549,0.36328125,0.88387481,15.359661,78.112568,0.002838135,16.342207,7785243,4677193.5,2220,1
0.125,0.3549426,123.17647,0.39153192,102.58824,0.0625,0.24253563,79.027913,1147.5213,0.000488281,72.405137,25246780,23082249,2910,0
1.953125,3.4295138,92.662588,1.0624855,67.379679,0.9765625,2.3109792,25.304724,213.69177,0.007629395,26.617239,10942633,5850465.2,1910,1
0.09375,0.31839905,87.647059,0.3549426,134.47059,0.046875,0.2615002,107.98302,1902.2674,0.000366211,75.115853,22197554,17130620,2950,0
2.8828125,4.6459212,90.448589,4.6005552,70.246393,1.4414063,2.6635676,23.619688,148.95117,0.011260986,25.627185,10417013,5675372,1910,1
1.796875,4.0007074,66.06445,1.9839414,57.670588,0.8984375,1.7859576,33.463534,278.60896,0.007019043,33.841089,9187156.3,6104415.9,2160,1
0.71875,1.7294918,80.409207,0.9781068,61.694118,0.359375,0.82826892,12.691829,58.049187,0.002807617,14.050853,7402879,4423775.5,2270,1
0.0859375,0.281373,115.37968,0.34643502,103.71765,0.04296875,0.26954823,120.0062,2042.6687,0.000335693,86.036311,19155582,15642348,3000,0
0.1171875,0.32290741,112.28235,0.26942268,97.270588,0.05859375,0.23532284,51.108479,491.01764,0.000457764,56.958221,14023091,13150387,2890,0
3.1875,5.0317887,97.152249,6.3034281,70.646915,1.59375,3.4252522,24.521644,173.97165,0.012451172,27.548635,10850551,5823275.6,1820,1
5.1953125,8.2261907,96.137992,7.0928139,74.473091,2.5976563,4.9259452,19.160441,117.20245,0.020294189,18.395337,12491362,5605384,1820,1
0.3125,0.67287139,104.47059,0.6709946,102.99608,0.15625,0.52300039,115.36501,2790.7487,0.001220703,88.13303,13879071,13329686,2870,0
1.703125,3.1755944,94.251484,1.1560139,66.352941,0.8515625,1.742614,22.231543,149.34451,0.006652832,25.230136,10967831,5900212.9,1890,1
6.3046875,6.6374725,87.321233,4.0956739,88.778388,3.1523438,7.2173697,64.314645,841.11549,0.024627686,64.716561,26529896,9825796.7,1750,1
2.0078125,2.0677352,111.66125,0.8594298,108.48082,1.0039063,1.6954334,70.106339,806.12334,0.007843018,65.088105,25264832,15008694,2850,0
0.515625,1.156865,80.59893,1.4396488,60.287582,0.2578125,0.66563953,14.068525,64.617364,0.00201416,17.437699,7677294.2,4576237,2290,1
3.2890625,3.3746446,103.49811,3.1720668,99.241576,1.6445313,3.4337725,38.068876,353.26647,0.0128479,39.739158,13906811,4998229.1,1640,1
0.7734375,1.2625112,97.682709,1.0247611,98.533441,0.38671875,0.91333228,76.926739,1051.809,0.00302124,87.645744,28030241,22642003,2870,0
0.140625,0.39153192,104.78431,0.56465576,103.1016,0.0703125,0.3114443,61.41258372,926.2525668,0.000549316,130.0153,44879035,31938981,2830,0
4.0390625,5.5406903,92.837866,6.9017286,79.099919,2.0195313,3.738985,30.513878,233.25185,0.015777588,30.925221,11297248,6078791.5,1810,1
8.46875,9.3353426,83.740829,7.9489289,81.159181,4.234375,8.0921016,59.201725,698.84723,0.033081055,61.093123,17154734,9735519.1,1860,1
9.234375,8.7209444,87.831592,8.2310239,84.463525,4.6171875,9.7880448,81.371527,1298.5909,0.036071777,95.625144,20827403,13824760,1870,1
4.1875,5.9601696,99.050044,7.3365221,75.992723,2.09375,3.9376264,27.552802,209.08195,0.016357422,27.890134,10998266,5958677.9,1790,1
0.125,0.3968379,111.88235,0.35554868,84.320856,0.0625,0.28697202,87.523858,1439.0756,0.000488281,73.491386,12440145,6801357.6,2970,0
3.28125,5.2705354,85.068908,6.5756079,69.004723,1.640625,3.3354528,18.123578,108.41862,0.012817383,17.24506,11826303,5340963.3,1850,1
3.9609375,3.5702232,101.76401,4.5782713,99.372215,1.9804688,3.9391959,65.920179,728.518,0.015472412,81.007372,18952181,8467119.8,1690,1
5.6484375,5.2174599,108.5731,3.9592458,99.753568,2.8242188,6.4883273,72.963867,1193.6546,0.022064209,79.130408,23171030,19775552,2730,0
1.078125,1.3257556,108.14322,0.8021563,104.63193,0.5390625,1.0433907,89.969973,1358.3645,0.004211426,80.034205,28774175,28559019,2880,0
0.21875,0.46849567,113.94958,0.57507274,92.735294,0.109375,0.37014835,73.257275,754.63111,0.000854492,66.119424,25838238,18298870,2930,0
1.1640625,2.7800678,60.772207,1.5930575,56.811894,0.58203125,1.529164,19.931716,159.45211,0.004547119,19.885496,7678369.6,5482179.9,2710,1
0.125,0.37647348,122.20588,0.29262591,96.470588,0.0625,0.31311215,105.80856,2004.1678,0.000488281,89.339088,14136001,8308180.4,2750,0
0.1328125,0.40413403,88.193772,0.43669076,125.00535,0.06640625,0.24947862,92.931262,1151.9265,0.000518799,85.074469,29937671,22328625,2950,0
5.453125,4.8971458,107.68043,4.1809467,95.960152,2.7265625,5.4739524,60.320182,719.45098,0.02130127,68.027526,19816589,17000304,2970,0
4.171875,5.1819028,92.0846,7.0937896,74.825695,2.0859375,3.9606443,36.937202,330.10358,0.016296387,35.055376,11514073,5932501.6,1800,1
0.125,0.37647348,107.55882,0.32262152,115.90588,0.0625,0.27296484,172.32714,3346.2724,0.000488281,162.76941,64645439,53774514,2920,0
0.0546875,0.22826265,118.58824,0.3630816,125.06574,0.02734375,0.16340247,69.824638,761.3968,0.000213623,57.841933,16970080,13583403,2850,0
0.109375,0.3133355,115.76471,0.33266625,90.994652,0.0546875,0.28856898,167.53487,3838.7806,0.000427246,137.41435,17377802,16123169,2900,0
3.015625,2.9429868,108.54496,2.7473927,106.12951,1.5078125,2.6524013,104.83653,1574.2998,0.011779785,104.2339,36746932,30183276,2900,0
1.203125,2.8210664,67.297173,1.694639,57.647059,0.6015625,1.3653404,16.683461,91.850033,0.004699707,17.264068,7716316.9,5502424.8,2700,1
3.4375,3.9199671,95.512299,4.1588698,93.215609,1.71875,3.280214,37.267614,334.29481,0.013427734,38.161996,14111518,4791903.5,1660,1
0.1484375,0.37834792,109.59752,0.43633845,114.27864,0.07421875,0.34064439,147.54422,3553.2944,0.000579834,109.92218,27862495,13995915,3000,0
5.109375,8.1908672,96.505127,6.5614477,75.602311,2.5546875,4.5629516,21.052029,134.13365,0.019958496,20.356538,12884083,5707014.9,1810,1
0.5,1.0648278,83.051471,0.3968379,65.735294,0.25,0.81167945,18.121719,137.4212,0.001953125,19.720621,7750343.6,4491991.1,2290,1
5.8359375,5.2373242,110.50886,4.3669921,102.22105,2.9179688,5.5699746,79.636311,1141.116,0.022796631,87.786233,26530808,21821183,2930,0
7.9765625,7.5747871,90.528548,7.3834739,86.77201,3.9882813,8.324065,76.549297,1109.8104,0.031158447,96.689993,21661287,14154494,1830,1
1.421875,2.0528811,103.46218,1.7454771,83.610353,0.7109375,1.495889,23.10588,152.42808,0.005554199,25.645588,9946783.5,5064627.9,1770,1
3.703125,3.5010895,110.60908,2.9194295,103.80249,1.8515625,3.5304609,88.710659,1380.485,0.014465332,94.711425,27210543,22416674,2790,0
0.5859375,1.450101,80.545882,0.97002313,59.541176,0.29296875,0.86552114,11.144294,50.023087,0.002288818,13.973102,7414158.2,4532925.3,2260,1
3.4453125,3.2380819,109.70148,3.1141248,107.29722,1.7226563,3.0661393,125.86499,2222.6421,0.013458252,124.86744,41640000,33199736,2750,0
4.3671875,4.9863927,91.547511,2.4482714,98.026481,2.1835938,4.1550211,45.221803,446.39122,0.017059326,43.2125,21056379,7904515.1,1680,1
0.203125,0.49181289,112.99548,0.32819822,111.63801,0.1015625,0.36169197,120.07969,2262.2822,0.000793457,104.87191,21026228,17198334,2990,0
0.75,0.99605521,108.25,1.0029177,107.74728,0.375,1.1375929,57.331872,923.511,0.002929688,52.605171,13569316,12477659,2830,0
8.9140625,7.9803177,94.547404,6.5242582,92.06639,4.4570313,7.9831998,60.990632,748.35187,0.034820557,65.120477,18488641,8217464.8,1750,1
5.4609375,9.1805189,96.771522,6.6849814,74.871972,2.7304688,5.190641,19.939004,122.55254,0.021331787,19.159106,12466063,5594841.4,1820,1
2.109375,3.6267475,91.388235,4.069161,70.849105,1.0546875,2.0950309,21.279318,126.90994,0.008239746,22.622803,10043929,5441200.6,1890,1
4.578125,7.7099071,96.08432,6.2357663,72.064,2.2890625,4.0635199,18.973266,108.30094,0.017883301,18.205985,12473439,5520748.5,1850,1
5.0625,8.6057571,98.575163,5.8675873,75.24507,2.53125,4.4004233,19.476064,112.56253,0.019775391,18.626907,12519694,5643205.9,1830,1
0.5546875,1.0102513,88.921292,1.0810817,116.8057,0.27734375,0.64870487,45.335634,386.4727,0.002166748,51.425947,19747805,16408998,2830,0
2.6484375,4.9938385,81.803227,5.2226038,67.00692,1.3242188,3.1374336,17.17189,112.84359,0.010345459,15.842064,11001866,5185820.4,1910,1
3.2265625,3.160322,93.330295,4.3160041,91.321893,1.6132813,3.5649244,57.84184,574.46799,0.01260376,75.361565,16887908,7368571.3,1840,1
3.421875,3.5662667,89.759871,5.0161587,93.50752,1.7109375,3.7314821,57.090766,559.8329,0.013366699,79.929495,17540761,7682547.9,1840,1
4.828125,4.6805165,96.749286,2.7568365,97.548663,2.4140625,5.2811575,62.116757,760.14141,0.018859863,58.524516,24551680,9408585.9,1670,1
0.7265625,2.3061535,86.588235,0.380294,71.686275,0.36328125,0.98461666,11.288339,48.896027,0.002838135,11.19346,10168568,4572419.4,2020,1
0.328125,0.66533249,115.76471,0.19450497,138.91765,0.1640625,0.48145765,38.171869,369.24308,0.001281738,37.437542,13791407,5981586.3,2970,0
1.9453125,4.6942897,64.612332,2.066664,56.456328,0.97265625,2.0164117,34.5623,298.4773,0.007598877,33.784141,9525292.9,5994570.2,2140,1
3.59375,3.4650959,101.83427,4.0806266,104.7134,1.796875,4.2312736,66.177568,827.49033,0.014038086,81.801737,18566599,8207662.3,1700,1
0.421875,0.78979091,115.42484,0.60651807,116.47059,0.2109375,0.75305749,125.62229,3189.0494,0.001647949,99.740554,30288487,29977620,2950,0
0.9375,2.9073624,54.176471,0.95413393,62.464396,0.46875,1.1197864,14.790292,74.716552,0.003662109,16.559393,8057309.9,5026088.3,2660,1
4.6484375,7.6791874,95.338013,5.8449243,72.899113,2.3242188,4.3880809,17.380173,97.920366,0.018157959,16.253061,12129239,5297893.4,1850,1
9.1953125,9.8012201,84.053376,7.7652409,83.812845,4.5976563,9.8652805,66.065616,890.3698,0.035919189,68.148427,18422911,10745937,1840,1
4.1953125,7.2753046,98.89977,4.3699211,75.359575,2.0976563,3.9992934,15.920542,84.492485,0.016387939,14.978941,11387459,5104879.9,1830,1
0.109375,0.33753098,111.93277,0.28571209,90.666667,0.0546875,0.22781464,68.474186,680.38152,0.000427246,65.768529,41863449,30326097,2930,0
1.1484375,3.7774504,96.23043207,1.1970837,60.358371,0.57421875,1.4853399,20.224113,137.94317,0.004486084,20.615643,8197263.3,5501996.9,2650,1
0.40625,0.66920449,115.9819,0.5360411,113.83957,0.203125,0.59881419,75.310123,1198.6014,0.001586914,60.725261,10819775,7984405.1,2730,0
0.078125,0.26942268,104.47059,0.31839905,108.58824,0.0390625,0.19412322,27.246337,199.54811,0.000305176,34.462661,17290732,13159137,2930,0
2.3984375,4.0144225,98.175129,4.1030569,68.773109,1.1992188,2.2741858,22.387187,141.23994,0.009368897,24.371975,10674743,5751841.2,1820,1
0.1015625,0.30325904,109.90045,0.26942268,117.88235,0.05078125,0.21998078,53.537648,489.94821,0.000396729,50.317995,23957160,19698350,2810,0
0.1875,0.49802761,106.05882,0.32290741,108.42353,0.09375,0.32988412,80.015369,884.72184,0.000732422,77.653459,18878475,14759186,2690,0
0.1640625,0.48240447,85.647059,0.46533368,117.94118,0.08203125,0.32706265,39.276735,316.07133,0.000640869,61.130892,15326973,13109191,2970,0
0.6640625,1.0742318,113.12388,0.69993672,98.084034,0.33203125,0.98772336,135.34004,3806.6882,0.002593994,115.61585,49102953,32512794,2890,0
0.265625,0.59505012,88.733564,0.5360411,119.52941,0.1328125,0.38340259,45.775314,376.25044,0.001037598,46.536352,20121609,15385433,2900,0
5.5234375,7.3419996,93.070638,7.7184556,79.722713,2.7617188,6.1683776,44.215297,488.36977,0.021575928,40.314667,12575747,6941653,1830,1
4.1640625,3.9039196,107.81591,2.6612259,107.38716,2.0820313,4.1592219,67.612308,810.72644,0.016265869,62.757807,25712546,9733247.1,1620,1
4.34375,4.0322275,98.437579,5.0521335,100.27824,2.171875,4.978557,63.146148,731.34386,0.016967773,83.516754,18473181,8656086.9,1710,1
1.8671875,2.615433,100.90278,2.2027938,85.367896,0.93359375,2.0135532,26.659275,223.06534,0.007293701,29.070103,10087391,5069922.5,1770,1
0.1875,0.51359471,87.058824,0.51209534,116.02614,0.09375,0.30518397,59.605392,855.92031,0.000732422,45.62724,15742017,12094567,2830,0
4.7421875,8.0834682,96.567497,6.0393181,75.228576,2.3710938,4.3339725,17.197525,94.467734,0.01852417,16.433512,11975763,5367842.3,1840,1
0.09375,0.31839905,116.94118,0.30808895,120.64171,0.046875,0.21178513,81.703003,1021.8295,0.000366211,73.589076,21503147,16825533,2840,0
0.53125,0.85975184,114.78893,0.88704449,107.06234,0.265625,0.96189662,132.09244,3763.4687,0.002075195,101.29474,37648893,24987016,2940,0
6.578125,7.1964661,81.087607,9.9948283,84.268536,3.2890625,9.2830458,57.623476,718.54821,0.025695801,63.522623,18379337,9679437.6,1830,1
4.7265625,6.1307471,82.335051,5.1555945,81.051429,2.3632813,4.4630135,46.198057,445.37168,0.018463135,45.200423,14455184,6518159.9,1850,1
4.765625,7.8654876,99.976085,5.7940318,74.231628,2.3828125,4.4052039,17.710577,97.492335,0.018615723,17.157955,12098247,5446702.5,1810,1
3.167038699,5.825251906,61.226486,4.84391494,61.531692,1.583519362,3.95916802,61.41258372,926.2525668,0.012371245,60.71126124,43870389.65,21925492.42,2840,0
0.296875,0.60651807,107.66563,0.43669076,112.29947,0.1484375,0.64582938,180.57973,926.2525668,0.001159668,147.43262,43793949,31835080,2990,0
2.078125,2.0643558,110.68554,1.1966982,109.32068,1.0390625,1.989787,77.672925,1072.9592,0.008117676,72.722113,27556394,19583736,2870,0
3.9140625,5.6359746,97.659739,7.0308656,76.655709,1.9570313,3.4507898,27.990105,191.43748,0.015289307,29.430157,11264300,6140136.6,1800,1
0.109375,0.36010442,120.90756,0.31839905,98.470588,0.0546875,0.25997266,103.5463,1476.3458,0.000427246,89.578322,16959866,15591814,2910,0
2.5703125,4.393416,93.206508,4.7523241,72.569335,1.2851563,3.0046915,26.417357,225.45819,0.010040283,26.603241,10079612,5471548.9,1840,1
8.3828125,7.867126,92.247574,6.6331754,90.531765,4.1914063,9.4158025,64.096634,940.19352,0.032745361,65.863425,18583237,8968064.6,1790,1
0.1953125,0.45348335,101.25176,0.42433076,123.06905,0.09765625,0.31033564,138.25377,2007.4326,0.000762939,133.17064,42558478,33547374,2970,0
4.7734375,4.5545078,109.46144,3.8585981,102.85835,2.3867188,5.1246099,84.905321,1389.6274,0.01864624,92.722297,27421648,22813615,2830,0
0.5546875,1.1350437,85.202983,1.4567248,62.672269,0.27734375,0.74966291,16.170906,85.342472,0.002166748,17.783962,7614326.8,4648486.8,2240,1
4,5.5201849,88.133272,6.1042252,71.27395,2,3.8040226,34.58712,301.19021,0.015625,33.730178,11273886,6095482.8,1840,1
0.3359375,0.70182376,90.812585,0.63988188,114.52941,0.16796875,0.4676908,55.397632,580.39667,0.001312256,51.319074,18939269,15302269,3000,0
9.4765625,8.9960314,86.286407,9.8144072,83.481634,4.7382813,10.00656,98.385332,1807.9981,0.037017822,111.12652,24125021,18248927,1930,1
4.921875,6.094543,84.129972,4.6389779,78.757401,2.4609375,5.4534067,48.294043,532.28961,0.019226074,48.507637,15144617,7515923.1,1860,1
4.609375,7.3989086,96.756132,6.102794,74.424552,2.3046875,4.3549541,17.55668,98.046707,0.018005371,16.655466,12251667,5394738.7,1840,1
0.75,1.5673841,81.573529,1.2293321,59.942141,0.375,0.99803729,17.332011,128.61597,0.002929688,18.072375,7677596.2,4587411.5,2270,1
0.578125,1.3078164,80.794913,1.2084634,61.411765,0.2890625,0.79855108,12.726157,62.893205,0.002258301,16.187245,7541787.9,4579691.4,2270,1
0.703125,1.7359532,82.556863,0.78854371,62.283737,0.3515625,1.1553106,24.647925,278.42038,0.002746582,23.489965,7607191.7,4749193.1,2290,1
4.6015625,5.7607685,87.423949,6.802743,74.617195,2.3007813,3.9416528,35.015892,279.4355,0.017974854,34.596882,11586001,6119975.1,1830,1
2.84375,5.786813,64.285714,3.4653711,62.137165,1.421875,2.8931545,39.402266,372.90203,0.011108398,37.806752,19596551,7751987.4,1950,1
8.578125,7.7597887,95.168113,5.4344191,99.369857,4.2890625,9.085349,63.829035,846.30639,0.033508301,74.265217,24212081,8458967.9,1650,1
4.9609375,4.4018649,115.92256,3.3123839,101.71782,2.4804688,4.275742,74.321323,974.59719,0.019378662,76.791551,22745639,19177714,2820,0
0.109375,0.33753098,123.32773,0.34223674,86.117647,0.0546875,0.24442309,32.466712,220.37811,0.000427246,40.905678,19926823,10503377,2960,0
2.109375,2.3417954,113.04052,1.9357291,102.2246,1.0546875,2.2009217,98.856998,1531.0188,0.008239746,112.30766,35810477,28253618,2850,0
0.984375,1.8989611,77.669468,1.0414337,60.435544,0.4921875,1.4416553,18.378442,171.54229,0.003845215,19.436934,7671116.9,4577554.8,2270,1
0.1328125,0.3630816,120.49827,0.34643502,114.25882,0.06640625,0.31852044,26.047023,192.9916,0.000518799,47.244117,14401043,11560561,2930,0
1.4921875,3.0039242,92.784724,0.54378875,70.722689,0.74609375,1.5472887,23.428636,161.93639,0.005828857,24.618801,10982695,5944845.4,1900,1
0.1015625,0.32819822,126.29864,0.37647348,115.85294,0.05078125,0.21998078,71.170559,818.2133,0.000396729,79.942246,24692658,19171818,2670,0
1.0078125,1.3832297,107.61149,0.65915531,105.66275,0.50390625,1.7241037,90.314513,2412.5925,0.003936768,79.472042,29717715,18806408,2940,0
4.46875,4.8747098,89.375566,2.7200295,93.698867,2.234375,4.7986671,54.385126,569.81938,0.017456055,51.70366,22490836,8577263.1,1680,1
1.96875,2.1145819,108.77871,1.2934382,98.613003,0.984375,2.7808431,96.648049,2423.7271,0.00769043,87.326033,38653152,27924754,2900,0
3.0859375,2.9961323,104.85302,4.0692517,101.50357,1.5429688,3.2014258,64.431466,649.83447,0.012054443,78.53764,18158497,7864161.3,1670,1
4.1015625,3.5623575,105.72639,4.1992029,103.50919,2.0507813,4.1132687,102.52485,1619.3227,0.016021729,105.03007,33595090,27458177,2730,0
2.5859375,2.5825805,110.3309,0.80257797,108.46036,1.2929688,3.4624186,79.241393,1649.2221,0.010101318,75.60063,26337266,16003751,2910,0
3.4140625,7.3693634,62.641001,3.3917091,63.317022,1.7070313,3.6926144,45.571785,469.08757,0.013336182,42.222733,20253300,7741129,1980,1
0.1015625,0.37310875,112.72398,0.38415658,113.43945,0.05078125,0.21998078,74.488641,844.36044,0.000396729,56.452923,18212043,14143488,2960,0
1.0078125,2.1717444,75.633379,0.93856567,58.901961,0.50390625,1.2398547,15.153357,79.764147,0.003936768,16.028845,7685513.9,4866979.8,2310,1
6.4921875,5.2195817,107.88872,3.9836959,99.612597,3.2460938,6.4739284,96.375488,1548.5483,0.025360107,93.337465,37885640,14329803,1620,1
9.09375,8.01518,90.043663,7.9718377,93.358914,4.546875,9.2836431,133.6757,2647.9194,0.035522461,153.59977,37951005,27090234,1830,1
4.21875,5.1861984,90.873203,7.6038091,74.666667,2.109375,4.0453011,35.762611,310.4246,0.016479492,34.589442,11439330,5959697.5,1810,1
4.859375,4.4839774,98.853036,5.0602424,98.031024,2.4296875,4.9478593,70.366461,872.60217,0.018981934,87.991878,20096479,9695405.4,1700,1
4.4609375,6.3144658,95.503039,6.5732126,76.780094,2.2304688,4.0358211,24.938251,158.13977,0.017425537,25.322527,11142596,6096826.2,1810,1
3.2734375,3.4928833,96.134775,3.0629871,104.64706,1.6367188,4.4126444,32.94386,392.22166,0.012786865,42.742275,14569808,5100028.2,1650,1
6.9453125,7.2299776,87.912129,6.6210711,84.907308,3.4726563,7.5697563,54.849479,634.61103,0.027130127,56.575721,16734665,7392767.2,1790,1
4.328125,5.9222115,75.126779,6.6526545,79.091056,2.1640625,6.2154486,41.640425,538.81322,0.016906738,47.139356,14573809,7218370.8,1890,1
6.125,7.4283984,83.081633,4.4787337,87.479368,3.0625,6.291295,61.219515,706.87492,0.023925781,58.744927,25483807,9401027.8,1760,1
2.921875,5.1030474,97.000315,3.9698591,66.741961,1.4609375,2.9088165,29.378964,244.20157,0.011413574,30.280818,10718440,5777239.6,1860,1
5.6875,6.3379248,86.468649,3.7311205,87.996732,2.84375,6.1852925,66.447766,910.44398,0.022216797,62.041794,25731652,9664024.2,1740,1
0.65625,1.6763172,81.563025,0.84411901,63.828877,0.328125,0.94648472,14.031272,79.469989,0.002563477,16.476114,7161505.6,4364075.1,2250,1
0.3203125,0.57416278,93.555237,0.55326518,116.11765,0.16015625,0.45345555,76.927597,1209.947,0.001251221,67.209229,21842313,18356024,2930,0
3.3046875,6.6835779,62.982061,3.3392408,63.889992,1.6523438,3.3077797,38.725497,382.78003,0.012908936,36.493943,19526573,7325102.9,1940,1
0.171875,0.41827119,111.97861,0.281373,110.63102,0.0859375,0.31998392,148.1032,3146.7109,0.000671387,126.69095,31353948,26031964,2980,0
0.1015625,0.32819822,106.31674,0.45436423,111.27273,0.05078125,0.23713853,68.205484,754.45617,0.000396729,56.020735,17595235,13537363,2750,0
3.7421875,4.5975791,96.253469,4.1903526,70.180672,1.8710938,4.5195636,46.222768,570.43196,0.01461792,45.270939,12388181,6257752.1,1790,1
0.078125,0.26942268,103.48235,0.36846337,104.28235,0.0390625,0.21337048,65.794129,771.54906,0.000305176,46.204655,19446329,14827953,2900,0
3.167038699,5.825251906,77.97226,4.84391494,83.977926,1.583519362,3.95916802,61.41258372,926.2525668,0.012371245,60.71126124,43870389.65,21925492.42,1850,1
8.9140625,8.3109143,90.497706,6.5280851,89.768551,4.4570313,9.3614829,63.414382,806.259,0.034820557,67.877849,18947233,9510517.4,1800,1
3.1875,2.9954033,104.78201,2.8591333,100.65917,1.59375,2.8087748,45.159241,409.56764,0.012451172,51.234422,16049131,5623770,1620,1
6.4296875,5.829174,94.209134,7.0377043,88.543835,3.2148438,6.7438232,75.15355,1069.317,0.025115967,85.848467,19489750,11038586,1780,1
6.3046875,6.9673689,84.438224,7.5127189,83.929412,3.1523438,7.1485796,76.417203,1142.8182,0.024627686,87.344821,18584174,9986492.5,1910,1
1.4609375,1.6738016,111.7257,1.7262876,107.96034,0.73046875,1.9647904,85.79069,1589.8616,0.005706787,70.383044,23501748,18212750,2970,0
6.1171875,5.4867358,106.75501,4.6712744,98.947765,3.0585938,7.0115091,77.413327,1196.5215,0.023895264,81.273486,23017899,19765548,2820,0
2.171875,2.2834887,110.5493,2.7151401,104.79923,1.0859375,2.0312359,75.786998,922.85336,0.008483887,76.19208,26489609,21207488,2780,0
0.671875,1.3227826,82.703146,0.7152377,64.282353,0.3359375,0.87022507,14.715364,81.12363,0.002624512,16.72581,7614436.9,4616295,2270,1
4.7421875,7.6129253,95.025487,6.3114255,73.167207,2.3710938,4.5199974,16.80551,91.930778,0.01852417,16.130102,12250568,5343012.1,1850,1
2.9296875,3.1226468,102.80659,2.9489484,94.031483,1.4648438,3.1806299,39.538386,378.10892,0.011444092,41.009351,14474232,4918560.5,1640,1
6.09375,5.3894582,96.077828,6.8373927,94.027062,3.046875,7.1858896,66.574528,677.52692,0.023803711,87.762502,19871777,9798705.7,1780,1
4.1328125,5.6392481,96.512399,7.4645117,78.173837,2.0664063,3.8357815,28.998068,213.7921,0.016143799,29.26941,11180506,6076921.8,1800,1
0.109375,0.33753098,92.168067,0.4054258,115.05882,0.0546875,0.24442309,148.86646,2927.2517,0.000427246,111.23962,29407676,22433668,2900,0
1.625,1.660092,111.19683,1.3247112,101.17959,0.8125,1.410048,93.603084,1337.7742,0.006347656,87.194276,36353844,22274710,2900,0
0.671875,1.4586661,83.819425,1.0326546,61.310924,0.3359375,0.88806769,12.524149,57.297845,0.002624512,14.894873,7497884.2,4460463.7,2240,1
0.484375,0.72072115,118.67932,0.6842937,96.214834,0.2421875,0.534989,54.129862,530.93352,0.00189209,51.315638,23977200,12122245,2970,0
5.8203125,5.3513316,95.116936,4.9538967,93.266007,2.9101563,5.8674688,44.463713,461.30147,0.022735596,46.055503,15228673,5752784.2,1700,1
0.8515625,2.3647338,76.377766,1.3007418,60.096257,0.42578125,1.1758849,18.08007,152.31866,0.003326416,18.448674,7600435.8,4483692.7,2290,1
3.296875,4.844608,85.271257,5.1547831,69.750564,1.6484375,3.2384694,33.663409,297.83803,0.012878418,31.815095,10599117,5971500.4,1880,1
0.234375,0.53952991,103.81176,0.57421634,114.5042,0.1171875,0.47890551,106.00107,2092.839,0.000915527,81.254509,27942615,24274137,2950,0
3.28125,3.0142379,103.97647,3.8060041,103.61047,1.640625,3.4419201,68.822295,833.86166,0.012817383,88.12504,19888645,9313161.9,1690,1
1.5234375,1.9112796,110.81991,1.3265906,102.64706,0.76171875,2.1203633,76.415194,1514.1244,0.005950928,71.499224,18363611,16282229,2880,0
0.71875,2.1985589,85.503836,0.088388348,77.647059,0.359375,0.88768812,11.520865,49.374788,0.002807617,11.525842,10289168,4493643.7,2030,1
0.5078125,0.81323785,116.1991,0.63442694,97.085973,0.25390625,0.80317042,141.29764,3549.1428,0.001983643,116.99687,39754336,34552596,2890,0
0.2890625,0.60382434,125.68521,0.63679809,99.176471,0.14453125,0.45006467,46.204278,451.54634,0.00112915,41.390543,10229169,10075629,2840,0
0.46875,0.91305061,88.517647,2.9543671,133.97735,0.234375,0.56685406,178.03962,3560.9559,0.001831055,60.71126124,59799079,51301696,2000,0
4.2265625,6.4040032,95.681635,5.516417,73.50561,2.1132813,4.0485848,17.528875,98.945379,0.01651001,16.697216,11936089,5261562.2,1850,1
0.1484375,0.41790335,113.387,0.19450497,104.75294,0.07421875,0.27716947,56.634262,515.67964,0.000579834,59.328208,14759977,13095369,2920,0
7.546875,6.8145969,93.645597,4.7180272,92.839497,3.7734375,8.0178378,78.972277,1112.7575,0.02947998,78.716794,32231600,12214409,1730,1
4.8671875,8.3377248,96.321783,6.8478796,75.318701,2.4335938,4.51354,19.037229,112.71221,0.019012451,17.947222,12383082,5503776.2,1840,1
0.0859375,0.35554868,108.19251,0.37310875,111.42081,0.04296875,0.20318391,39.995615,287.08994,0.000335693,49.777059,20122741,11617949,2790,0
0.1640625,0.9202648,96.23043207,0.15188287,40.941176,0.08203125,0.2888608,83.042023,894.96934,0.000640869,109.14175,16064021,13285336,1240,1
2.359375,2.3768383,105.25594,3.3481911,103.732,1.1796875,2.9676256,71.578931,1013.5709,0.009216309,78.713346,17670443,7630763.7,1660,1
0.109375,0.38134398,102.7563,0.3549426,121.94118,0.0546875,0.25997266,98.43376,1371.1563,0.000427246,73.966731,18438948,14322844,2940,0
6.2890625,6.7987404,84.505955,6.8385082,85.535924,3.1445313,9.3169995,72.188461,1104.5086,0.02456665,87.209568,17852773,10350853,1910,1
0.3359375,0.67901438,110.11765,0.65339061,95.226891,0.16796875,0.48417038,88.007519,1712.7986,0.001312256,76.253114,14069145,7541522.1,2960,0
4.84375,4.3983488,109.37761,3.8786892,99.952941,2.421875,5.0976494,90.529518,1520.582,0.018920898,93.729049,27266240,22338163,2890,0
10.820313,10.863095,84.767042,9.4597677,84.133414,5.4101563,10.097939,134.3334,2548.3442,0.042266846,134.49863,53679498,26368242,1810,1
4.796875,4.2284365,108.6553,4.6331727,106.488,2.3984375,4.4954702,85.336827,1132.5706,0.018737793,86.714623,28505865,23770381,2960,0
4.859375,4.8937279,95.630036,4.6534359,93.15122,2.4296875,4.923228,45.896269,519.17302,0.018981934,46.208611,15084660,5512943.4,1690,1
10.554688,9.8977517,86.388296,10.190267,81.864004,5.2773438,10.317187,74.42034,1014.481,0.041229248,93.146592,20735671,16261936,1940,1
0.078125,0.26942268,121.83529,0.26942268,112.23529,0.0390625,0.19412322,61.41258372,926.2525668,0.000305176,168.45591,28565043,28383273,2980,0
4.8359375,4.8224824,97.975102,4.1084882,94.357793,2.4179688,5.0713642,49.513867,566.40959,0.018890381,49.29889,15167424,5821452.3,1700,1
0.171875,0.43669076,108.83422,0.24301259,79.411765,0.0859375,0.29445446,98.150869,1385.2576,0.000671387,91.484827,28543332,22332172,2940,0
4.0390625,5.817977,96.300375,6.9435115,75.026699,2.0195313,3.6508942,30.441836,238.4272,0.015777588,29.551908,11041680,6015614.1,1820,1
3.3125,6.8133149,62.54384,3.7769292,64.371823,1.65625,3.4775188,42.845425,407.95693,0.012939453,43.720047,20648495,8150838.1,1970,1
0.5625,1.751265,85.27451,0.21508101,75.882353,0.28125,0.77142598,11.708578,49.188603,0.002197266,14.219628,10004114,4354555.2,2030,1
1.28125,1.5314935,112.52798,1.3247112,111.00584,0.640625,1.125354,96.471301,1338.7844,0.005004883,98.411194,35753301,28982738,2690,0
2.1640625,4.5710099,79.772351,3.5496687,66.078893,1.0820313,2.3458577,15.849577,86.30079,0.008453369,15.486686,11045961,5152410.8,1950,1
4.484375,4.6159333,97.276491,4.3814702,89.926442,2.2421875,4.5714306,38.826708,365.65499,0.01751709,41.413499,14663107,5067674.2,1700,1
5.5390625,19.025429,57.119721,3.2424579,51.421735,2.7695313,5.5777578,18.705228,120.1039,0.021636963,18.405321,13707023,5477745.7,2540,1
1.7265625,2.4031306,102.43918,1.840446,86.127251,0.86328125,1.7447005,28.529819,208.47124,0.006744385,29.444473,10588408,5308543.5,1770,1
0.2265625,0.55008723,112.01623,0.3549426,103.32353,0.11328125,0.34136315,115.44538,1694.81,0.00088501,102.35583,35679043,14809684,2960,0
3.6953125,3.9014606,91.803507,4.6775912,93.406393,1.8476563,4.3427012,60.930059,623.64934,0.014434814,82.717033,17962409,8075982.7,1830,1
1.171875,2.2170043,69.505882,1.4253056,57.952941,0.5859375,1.3920071,18.452817,113.78122,0.004577637,19.10743,7814414.7,5844641.3,2750,1
6.4296875,5.4796454,101.54585,5.161271,95.035585,3.2148438,6.4245801,56.650732,700.23025,0.025115967,60.78015,17953934,6522528.4,1680,1
3.5703125,6.2326087,82.429141,5.9928548,67.854731,1.7851563,3.8025706,19.132864,126.88555,0.013946533,17.680757,11530529,5326111.6,1880,1
0.734375,2.0485615,61.441802,1.2289317,55.161125,0.3671875,1.090933,16.970073,124.19159,0.002868652,17.468776,7595794.4,5021076.6,2700,1
2.6171875,6.1055301,63.702195,2.2743515,58.266353,1.3085938,2.6231407,32.295586,283.14612,0.010223389,31.988955,9130574.2,6374479.2,2170,1
7.2734375,8.2982921,82.746699,8.0956048,82.563215,3.6367188,8.4656665,70.079482,907.27664,0.028411865,88.265482,18752307,11852398,1920,1
0.1875,0.49802761,114.64706,0.3133355,105.47899,0.09375,0.36380344,111.8938,2074.9379,0.000732422,98.463333,35487394,31963818,2830,0
8.1015625,7.0697758,94.313234,7.9732845,91.137514,4.0507813,10.440934,76.724242,1084.7997,0.031646729,102.54671,22632129,13852244,1830,1
0.734375,1.7274275,62.898623,1.5051585,51.831933,0.3671875,1.0048595,15.624445,86.20179,0.002868652,17.784134,7650642.3,5174208.2,2690,1
0.2578125,0.50581024,104.77005,0.37875417,117.04813,0.12890625,0.40942855,57.310087,619.73779,0.00100708,75.03035,24177994,20608520,2850,0
5.7578125,6.4328709,85.157954,6.706842,86.467572,2.8789063,7.4789236,76.307427,1304.2283,0.022491455,88.558473,18605729,10234378,1890,1
2.0234375,4.925372,62.804452,1.7528801,58.01368,1.0117188,2.2948919,33.034484,307.63916,0.007904053,33.296839,9276082.9,5657967.1,2220,1
2.1875,5.0035421,64.90084,2.2997427,57.428133,1.09375,2.3909552,33.99495,324.56743,0.008544922,32.784362,9352952.9,5828116.9,2130,1
4.078125,6.3141004,85.087221,6.6447947,70.105609,2.0390625,4.074603,19.109636,117.68149,0.015930176,18.423789,12324897,5408267.3,1850,1
0.140625,0.41115116,98.431373,0.45994854,115.51918,0.0703125,0.32379112,61.41258372,926.2525668,0.000549316,152.27805,40876868,39491218,2910,0
0.1484375,0.37834792,110.71207,0.42433076,97.964194,0.07421875,0.26264002,123.52681,1971.5064,0.000579834,104.0997,29700051,27722886,2610,0
0.1171875,0.34643502,118.02353,0.19450497,123.95294,0.05859375,0.28090256,112.85802,2176.0163,0.000457764,102.31744,15410177,14420665,2970,0
3.109375,4.7888229,97.645876,5.7947537,73.236534,1.5546875,2.8265092,23.836552,150.44762,0.012145996,25.176968,10691674,5805089.2,1810,1
5.0078125,5.8424136,85.247683,6.3955445,88.067227,2.5039063,5.8100643,66.106425,817.99883,0.019561768,83.934044,17828343,8892983,1880,1
2.7109375,4.4688816,98.050517,5.9815168,70.450774,1.3554688,2.6066674,23.555873,158.32137,0.0105896,24.513083,10318226,5571237.2,1810,1
1.5078125,2.209486,79.263639,1.6276855,81.892295,0.75390625,1.7750958,42.968557,427.81108,0.005889893,39.697671,19775690,7164186.9,1750,1
6.1796875,6.7747024,87.697182,4.2004113,89.347858,3.0898438,6.7222002,67.23012,878.95317,0.024139404,67.444042,27097190,10192621,1740,1
9.578125,8.978197,86.306496,8.8390992,83.760115,4.7890625,9.8092812,92.918006,1597.8535,0.037414551,105.10811,23113737,18273882,1910,1
3.8984375,3.9341826,100.84923,3.6543494,94.559811,1.9492188,4.514178,42.678823,479.16072,0.015228271,41.80257,14586383,4998028.5,1660,1
1.8984375,2.247798,106.0915,1.7478896,105.99265,0.94921875,1.7738181,80.964248,1154.9376,0.007415772,75.545523,29534158,19178956,2910,0
0.4765625,0.81293523,103.98457,0.697251,106.0025,0.23828125,0.54759669,67.29624,672.96788,0.001861572,69.362981,25103354,20856391,2880,0
4.5703125,6.907355,93.787029,6.2484447,73.049956,2.2851563,4.3051194,17.538024,99.295139,0.017852783,16.244316,12075664,5362305.4,1850,1
2.7578125,2.8691849,107.47409,2.2364944,103.71491,1.3789063,2.583694,56.791111,599.20474,0.010772705,57.254015,17354323,14565090,2850,0
3.1796875,4.4037092,91.608614,4.9465649,74.262976,1.5898438,3.2707459,28.080851,228.62734,0.012420654,26.143978,10816079,5882944.9,1880,1
0.1796875,0.42433076,104.77749,0.53558186,102.47465,0.08984375,0.28651793,60.802484,577.77976,0.000701904,92.393261,36611837,33839390,2820,0
0.203125,0.50757064,96.217195,0.36846337,98.823529,0.1015625,0.38276279,133.18212,2600.3052,0.000793457,111.82573,34543833,32433128,2970,0
4.6015625,4.5943132,95.904125,3.0655567,97.786315,2.3007813,5.9030865,66.606805,1060.3991,0.017974854,61.562649,24525720,9320408.7,1670,1
3.5,5.9881773,83.379202,6.3128679,68.25825,1.75,4.3241229,18.780521,150.41136,0.013671875,17.386345,11693202,5309254.7,1870,1
5.7265625,4.9496915,110.17158,4.2481396,101.12527,2.8632813,5.2409454,82.315768,1195.9749,0.022369385,90.57146,27105006,22196804,2760,0
1.4375,1.7240768,108.82864,0.83148992,102.09719,0.71875,1.8447063,103.46904,2660.4502,0.005615234,93.932577,29102289,22471346,2860,0
5.0234375,8.7928611,100.43729,4.9877803,73.194958,2.5117188,4.5555245,18.680998,107.77228,0.019622803,17.714783,11922820,5394690.5,1830,1
8.8515625,8.3440675,90.810238,6.0000359,88.801631,4.4257813,9.178532,93.434862,1499.0215,0.034576416,95.018343,37448371,16079193,1760,1
4.2109375,9.0819995,59.351741,3.7841539,64.066204,2.1054688,3.9804189,46.952225,456.74633,0.016448975,44.145103,21757000,8883270.8,2020,1
3.2109375,4.7730417,98.352941,5.7597433,72.473879,1.6054688,2.8389119,24.17044,152.74314,0.012542725,26.611409,10752332,5786500.2,1810,1
1.859375,4.6664059,64.116658,1.9445436,56.930233,0.9296875,1.8243821,29.745742,225.25277,0.007263184,29.668996,8814195.2,5276508.5,2190,1
0.359375,0.6842937,106.86445,0.56899682,114.09955,0.1796875,0.79639968,61.41258372,926.2525668,0.001403809,155.07376,49035670,35151435,2950,0
0.265625,0.53952991,110.36678,0.64861869,93.660504,0.1328125,0.45797669,102.10703,1951.947,0.001037598,78.980446,35295226,16898954,2950,0
1.5,3.5383167,79.573529,2.2673082,67.052101,0.75,1.8149704,15.849304,99.578458,0.005859375,14.482858,10812794,4991154.8,1960,1
4.7734375,4.3420936,100.54953,4.1790629,96.886997,2.3867188,4.9818159,46.510621,493.65718,0.01864624,49.707581,15369636,5752571.1,1690,1
3.167038699,5.825251906,107.98311,4.84391494,112.59226,1.583519362,3.95916802,61.41258372,926.2525668,0.012371245,60.71126124,43870389.65,21925492.42,1960,1
0.203125,0.50757064,113.10407,0.59339375,107.8914,0.1015625,0.38276279,109.91258,1941.627,0.000793457,86.170035,25105324,21772147,2920,0
6.0546875,5.5985214,96.163947,6.8086906,92.137733,3.0273438,5.8285331,77.869909,1147.5431,0.023651123,92.528058,21051311,11595920,1770,1
3.3046875,3.3380616,98.816854,3.807103,95.962923,1.6523438,3.0755574,39.087892,344.01611,0.012908936,41.883814,13811244,4862403.9,1670,1
11.070313,10.455894,82.244012,10.905709,81.368033,5.5351563,12.46323,113.48004,2201.0948,0.043243408,139.82625,31411702,28619270,2060,1
4.28125,5.6817674,89.626449,5.0759427,69.225515,2.140625,4.2725469,40.900728,407.98663,0.016723633,39.159848,11974629,5834468.1,1830,1
0.375,0.77357947,82.558824,0.88165356,68.06192,0.1875,0.57735027,14.750556,77.100995,0.001464844,16.864942,7219949.6,4493216.1,2370,1
4.609375,7.6644536,96.681954,5.7281713,74.852174,2.3046875,4.4458548,18.177817,108.45173,0.018005371,17.190216,12120292,5417443.6,1830,1
5.359375,4.9017663,97.343852,6.3108407,94.226847,2.6796875,6.3769605,80.378031,1322.8127,0.020935059,96.430424,20824667,10867379,1760,1
1.9453125,3.2490061,94.633593,1.0721969,66.286765,0.97265625,1.7919303,24.768408,162.49048,0.007598877,26.317852,11051368,5977844.8,1900,1
2.3828125,4.0762826,94.699325,1.5873516,65.926471,1.1914063,2.6815426,28.170826,255.93342,0.009307861,29.372462,11403811,6109565.8,1890,1
3.25,4.9755307,85.80543,4.4768584,69.584123,1.625,3.3711579,37.574304,357.6596,0.012695313,36.924178,11082376,6230515.2,1880,1
0.6640625,1.5837628,82.197924,1.2797638,60.941176,0.33203125,0.84198026,15.729718,99.314711,0.002593994,17.058752,7547515.3,4466803.6,2240,1
5.4765625,9.06752,100.19703,6.347856,74.797247,2.7382813,5.0941969,18.882607,111.77913,0.021392822,18.280532,12367353,5573921,1820,1
2.265625,2.520731,94.651521,3.7258326,95.057903,1.1328125,3.4863793,54.791203,544.46083,0.008850098,79.764626,17502453,7680881.6,1800,1
3.75,3.890226,97.776471,3.9055974,96.738337,1.875,3.8050534,41.828246,399.92668,0.014648438,44.697449,14279564,4984593.8,1660,1
0.125,0.3549426,108.26471,0.3549426,111.97059,0.0625,0.24253563,63.519853,639.89772,0.000488281,59.054659,15179560,14948435,2890,0
0.21875,0.90438564,82.789916,0.088388348,128.47059,0.109375,0.34831527,9.3673866,38.987405,0.000854492,16.671125,9848036.6,4459677.1,2080,1
1.9296875,4.4548188,65.221243,1.7696972,57.429194,0.96484375,2.0719259,28.987508,241.32546,0.007537842,28.793509,8728115.2,6131471.7,2180,1
1.5234375,3.445789,67.59095,1.6553421,55.094118,0.76171875,1.5548341,26.879638,195.63,0.005950928,27.556844,9012882.8,5710816.5,2110,1
2.1640625,2.3603595,104.15969,2.5361559,115.07958,1.0820313,2.9461023,101.65988,1713.7905,0.008453369,96.004675,33933875,27221921,2680,0
2.0078125,2.0215224,104.03662,2.8953937,97.653418,1.0039063,2.0589319,33.026097,284.12968,0.007843018,36.584479,13364939,4559525.7,1620,1
0.2265625,0.50532353,111.38337,0.45348335,116.49882,0.11328125,0.46742869,169.69154,926.2525668,0.00088501,134.16914,60033511,41838201,2970,0
3.167038699,5.825251906,102.47404,4.84391494,102.7309,1.583519362,3.95916802,130.13776,3526.1343,0.012371245,134.9312,43870389.65,21925492.42,3000,0
6.3046875,6.1842556,92.009622,5.2209958,86.350977,3.1523438,6.4774295,53.386468,651.96222,0.024627686,54.27143,16561914,6831756,1750,1
4.1328125,4.8038225,86.98232,3.9221556,80.388798,2.0664063,4.5863699,53.2153,644.92687,0.016143799,52.350348,15291468,7732793.8,1840,1
3.875,3.9264899,93.851044,1.9802171,100.10924,1.9375,3.7952499,45.851814,441.15438,0.015136719,45.56697,21253472,8177477.9,1670,1
10.3125,9.9816761,86.82139,8.8303677,84.974399,5.15625,10.774289,78.07717,1141.2165,0.040283203,92.245796,20631195,13948825,1880,1
0.4765625,0.72050774,116.135,0.71248014,109.69412,0.23828125,0.54759669,89.308078,1006.6495,0.001861572,80.606029,28570778,23656670,2710,0
5.109375,4.5631775,110.25796,3.7672748,104.13445,2.5546875,6.735692,93.372639,1808.2327,0.019958496,93.307383,24386646,20663502,2900,0
0.71875,1.7655384,80.792839,1.3235265,63.981176,0.359375,0.90950859,14.747817,70.978957,0.002807617,15.925729,7507231.7,4560322.7,2270,1
0.4921875,0.76329264,110.16246,0.80227132,110.38798,0.24609375,0.92353985,116.0679,2976.7455,0.001922607,92.867667,34221207,32353880,2980,0
1.109375,1.5175321,112.63297,1.2337277,100.4869,0.5546875,1.213057,43.746626,393.47418,0.004333496,47.704303,15192158,13178076,2770,0
4.546875,4.3068511,101.23469,4.2257806,97.541964,2.2734375,5.1953446,46.578287,527.69668,0.01776123,49.009277,15579926,5502307.9,1680,1
4.484375,4.4861719,99.822095,4.1057547,92.508851,2.2421875,5.2703329,45.803928,556.09039,0.01751709,46.181563,15100243,5230231.6,1680,1
3.984375,11.425889,59.219377,3.8789509,54.334995,1.9921875,3.4219501,33.031414,263.24128,0.015563965,31.954155,11746441,7476404.6,2580,1
4.1484375,6.5171969,94.356929,6.1821912,73.93208,2.0742188,3.8509433,17.75241,98.991402,0.016204834,17.376394,12441740,5440904.7,1850,1
0.8359375,1.5047293,88.136339,1.4171466,64.035516,0.41796875,1.2243884,22.783468,248.68237,0.003265381,21.775102,7857435.7,4656974.8,2260,1
4.640625,8.2897664,101.73737,4.162773,76.270736,2.3203125,4.1613226,17.261366,93.264194,0.018127441,16.382329,11795767,5285213.8,1820,1
0.1796875,0.42433076,102.26087,0.39153192,113.64706,0.08984375,0.29989275,70.273937,726.46232,0.000701904,70.280971,26677055,20316682,2860,0
2.890625,5.1699227,83.301749,5.0686175,66.766645,1.4453125,2.8486215,17.764774,105.28497,0.011291504,16.818811,11074204,5175627.9,1890,1
3.25,3.2939936,104.61312,3.9642767,101.22047,1.625,4.1111994,74.195274,1193.5874,0.012695313,80.997862,18065409,7838357,1680,1
0.234375,0.56796882,107.90588,0.45137585,105.93277,0.1171875,0.51061046,78.429487,915.04751,0.000915527,157.15356,64455394,47069400,2910,0
0.109375,0.33753098,119.79832,0.25667755,103.37255,0.0546875,0.25997266,61.41258372,926.2525668,0.000427246,60.71126124,89975925,40128848,2910,0
0.3671875,0.76200206,113.24155,0.5816671,95.128028,0.18359375,0.51017526,82.475772,1274.1496,0.001434326,69.707018,25933709,23658256,2980,0
4.859375,8.3172663,95.827501,6.1333604,73.980392,2.4296875,4.6907227,16.878696,92.711439,0.018981934,16.296994,12101325,5385594.4,1850,1
4.171875,3.8292479,100.57105,4.0083267,96.51748,2.0859375,3.7448576,44.566905,422.78287,0.016296387,47.676134,14821549,5308556.1,1680,1
4.8125,5.2747355,89.516425,2.9212831,90.678733,2.40625,4.2591309,52.105139,541.95239,0.018798828,48.452401,22354431,8484064.4,1710,1
0.109375,0.3133355,121.51261,0.32819822,100.77828,0.0546875,0.24442309,90.61989,953.51847,0.000427246,89.405741,29176577,21914533,2970,0
4.4765625,4.6701681,90.471204,2.539404,92.386672,2.2382813,4.339723,50.799927,527.84428,0.017486572,46.565106,21820587,8254215.6,1700,1
4.5625,7.5480091,96.693795,5.8953305,74.890945,2.28125,4.3203803,17.917689,102.71285,0.017822266,17.088238,12135272,5375066.8,1840,1
0.9765625,2.5609571,61.451294,1.5156459,52.026144,0.48828125,1.1409745,18.108659,105.04788,0.003814697,18.480083,7730842,5183687.4,2680,1
1.0625,1.3675082,113.11765,1.0684036,102.77347,0.53125,1.0014695,70.070486,721.83601,0.004150391,73.49433,33496155,16964756,2690,0
4.8359375,4.5899194,109.98765,3.2459753,96.448727,2.4179688,4.113239,55.65174,571.15449,0.018890381,63.298393,20101586,16843574,2760,0
0.1796875,0.44249816,116.4399,0.50367742,81.625668,0.08984375,0.29989275,77.160653,844.78652,0.000701904,72.864965,35449835,21397923,2980,0
11.507813,11.266979,85.400743,10.841331,80.623771,5.7539063,13.275585,82.910907,1417.6184,0.044952393,94.030175,20348169,15209725,1910,1
0.34375,0.64524304,121.70053,0.76783262,98.41629,0.171875,0.45347244,103.29925,1769.2932,0.001342773,82.328278,23525613,19964962,2730,0
0.1796875,0.42433076,115.82609,0.29262591,110.11765,0.08984375,0.33684577,38.789741,322.81953,0.000701904,45.644149,14583439,9797675.2,2920,0
0.46875,0.94691792,84.023529,0.82971244,62.319328,0.234375,0.63843405,12.397283,54.596014,0.001831055,13.800461,7376063.4,4438445,2230,1
9.1796875,8.9323209,90.714593,6.9655896,89.502424,4.5898438,10.087837,119.3394,2217.6397,0.035858154,120.1131,45295264,21490001,1770,1
1.0625,2.1026792,68.885813,1.7610555,53.549696,0.53125,1.4682923,22.701158,200.76024,0.004150391,24.362436,7866451.1,5843667.6,2750,1
2.96875,5.283964,83.390712,5.5443752,67.997801,1.484375,3.1696709,15.499814,83.851658,0.01159668,15.297259,11167113,5154324.8,1880,1
4.2421875,4.9162211,90.932727,2.1201601,99.451645,2.1210938,3.8943126,50.121864,524.4143,0.016571045,46.792878,21591930,8162365.5,1680,1
5.7109375,10.275843,98.638127,7.7192366,72.992231,2.8554688,5.4375789,19.52803,118.36058,0.02230835,18.545682,12395909,5564008.4,1830,1
0.203125,0.47553327,110.93213,0.57421634,98.823529,0.1015625,0.31535461,76.933177,894.81081,0.000793457,79.54977,24468415,20135496,2830,0
5.390625,7.2418669,81.133504,5.3756523,82.723039,2.6953125,4.7873339,46.231755,441.37963,0.021057129,46.923911,14785661,6934551.3,1860,1
0.09375,0.31839905,130.23529,0.26942268,119.29412,0.046875,0.22955626,61.41258372,926.2525668,0.000366211,174.75991,56204813,49284545,2970,0
5.1796875,8.462454,97.156242,6.0084371,75.175493,2.5898438,4.6102756,18.596004,107.64491,0.020233154,17.711882,12142513,5478557.8,1820,1
5.3828125,4.590509,105.02177,3.329509,101.14467,2.6914063,5.5908262,82.556216,1215.5216,0.021026611,74.588554,28727997,10858522,1640,1
2.7265625,5.5920569,61.810214,3.4940807,62.294909,1.3632813,3.2450353,41.381854,400.96177,0.010650635,42.650594,20716157,8190899.1,1980,1
9.640625,9.1829475,86.278959,8.5968315,82.707108,4.8203125,11.898218,90.776837,1637.3209,0.037658691,103.62063,21783781,17505664,1900,1
5.6640625,6.1660454,87.568357,3.2627325,93.022859,2.8320313,6.0752721,57.661584,619.27119,0.022125244,57.816985,24544356,9195082.5,1730,1
10.921875,9.1079349,94.9538,7.5180843,91.329203,5.4609375,10.324464,78.6267,1149.1056,0.042663574,82.406401,23431278,10625517,1750,1
5.0625,9.046468,99.727669,5.7021665,74.11121,2.53125,5.1949259,17.469061,106.07797,0.019775391,16.435299,11985034,5317284.6,1830,1
3.6953125,5.5038406,86.496704,7.6837081,69.402941,1.8476563,3.783897,18.251413,112.25245,0.014434814,17.550061,12233974,5382105.2,1840,1
3.4140625,5.1566444,97.062862,5.6930108,72.303754,1.7070313,3.8384164,27.869141,241.01871,0.013336182,28.146991,10938919,5888527.1,1820,1
5.4296875,5.7063076,89.012273,3.4048422,91.104094,2.7148438,4.9014538,63.815852,692.72844,0.021209717,59.015063,25513106,9681692.1,1710,1
1.03125,1.2916296,107.89305,0.9710056,100.25272,0.515625,1.2270441,87.13717,1623.2614,0.00402832,75.793668,30516321,26757655,2970,0
5.203125,5.4619073,91.207207,3.0308352,92.427524,2.6015625,5.239877,59.62057,674.04907,0.020324707,55.3383,23274473,9014320.3,1690,1
0.125,0.37647348,100.94118,0.36010442,92.268908,0.0625,0.24253563,54.521249,594.2192,0.000488281,52.079633,12503415,6801275.9,2850,0
2.6171875,2.68305,112.75996,2.4262625,116.26987,1.3085938,2.8093828,80.028808,1097.7288,0.010223389,80.288876,27927523,22543321,2900,0
0.15625,0.4054258,101.43529,0.43066226,115.96639,0.078125,0.29663141,107.64979,2067.6575,0.000610352,82.245829,25685186,15440356,2990,0
1.921875,3.1186747,95.936872,1.9115371,75.453237,0.9609375,2.1598923,29.417219,263.96252,0.007507324,30.730164,10690111,5820284.6,1820,1
2.1640625,2.4229134,103.73667,2.7063919,99.232198,1.0820313,2.7634004,41.012058,515.47984,0.008453369,38.286247,13370390,4642207.1,1610,1
9.7109375,9.5291945,85.930245,8.6333336,84.90329,4.8554688,11.979665,91.84458,1753.6962,0.03793335,108.53016,23339112,18166042,1920,1
4.8984375,4.4929338,109.39938,3.4745896,104.80862,2.4492188,5.2689768,93.074693,1633.141,0.019134521,95.251072,28204646,23001687,2830,0
0.7421875,2.1305653,86.667492,0.51877876,70.885449,0.37109375,0.90260211,11.701457,70.921402,0.00289917,11.266141,10212964,4517502,2000,1
6.28125,5.5257985,97.283582,6.1943388,99.733933,3.140625,7.8712526,79.838918,1145.5145,0.024536133,111.04129,26120760,13848847,1740,1
0.75,1.4688364,80.867647,0.77357947,66.485294,0.375,0.9701425,12.401574,57.194853,0.002929688,14.184028,7295578.1,4374634.2,2270,1
2.7578125,2.8193541,106.29828,2.7491946,97.058824,1.3789063,2.5699974,36.233353,304.23553,0.010772705,39.698092,14367698,4967648.9,1610,1
0.859375,1.6445298,78.930481,0.99950775,63.080214,0.4296875,1.2783788,23.206163,221.27405,0.003356934,22.281329,7729356.6,4650183,2300,1
8.84375,7.3371426,101.55228,5.561347,92.643889,4.421875,9.1008376,78.978289,1230.1119,0.034545898,81.251392,25041882,8798429.9,1670,1
0.2109375,0.46367827,116.23529,0.44857331,86.789916,0.10546875,0.33226698,54.720958,657.4014,0.000823975,51.896423,10496464,10449796,2900,0
4.78125,4.3813087,102.25606,4.0657656,98.907994,2.390625,4.9225123,55.726777,644.91068,0.018676758,57.156275,16541723,5847029.3,1660,1
4.15625,6.5956768,96.920831,4.2218775,75.776325,2.078125,3.9170004,16.327023,85.06794,0.016235352,15.743996,12043003,5242991.9,1850,1
4.921875,4.620409,107.34566,4.5044816,104.7988,2.4609375,4.99239,101.60826,1615.3358,0.019226074,106.64634,36340790,29332939,2960,0
0.90625,1.2762982,107.11156,1.020671,102.4693,0.453125,0.84815255,60.215495,565.41109,0.003540039,66.179534,27161313,12669448,2780,0
4.359375,4.1005749,108.98419,3.7447388,106.42787,2.1796875,4.0727379,89.944386,1308.1567,0.017028809,92.922006,32486418,26158845,2880,0
0.109375,0.36010442,100.84034,0.26942268,100.37647,0.0546875,0.24442309,63.214387,680.17902,0.000427246,71.347038,23612881,13453701,2870,0
6,5.8860572,95.452206,5.2368073,88.938888,3,6.977274,47.84485,627.22021,0.0234375,47.756069,15548455,5828091.1,1730,1
2.59375,3.2054027,98.968108,2.0396989,67.568914,1.296875,3.0159299,41.913966,459.35684,0.010131836,41.159268,12408793,6127705.6,1770,1
0.171875,0.3990022,112.36364,0.43066226,98.151261,0.0859375,0.30748426,37.252296,276.438,0.000671387,34.571771,16136595,11403439,2800,0
1.015625,1.3803136,106.18643,1.1359376,109.21228,0.5078125,1.5466401,60.142217,1158.647,0.003967285,49.76363,12836882,12803819,2800,0
3.359375,5.3340894,97.792613,6.5194289,74.022258,1.6796875,3.155906,23.038678,148.36606,0.013122559,24.557132,10565553,5832495,1800,1
5.3671875,6.9609384,80.741844,5.8695579,80.501961,2.6835938,6.064804,50.974622,650.70047,0.020965576,48.929791,15098611,6635298.1,1870,1
0.0546875,0.22826265,112.94118,0.41790335,127.72755,0.02734375,0.18585883,61.41258372,926.2525668,0.000213623,165.69895,29897712,23773288,2980,0
1.3671875,2.9022693,64.925042,1.5885719,59.056347,0.68359375,1.4837302,17.360652,98.479719,0.005340576,18.501773,7907950.9,5223155.9,2740,1
0.109375,0.33753098,114.15126,0.28571209,86.745098,0.0546875,0.25997266,135.45764,2846.3705,0.000427246,110.49441,46658671,17297620,2950,0
3.4765625,5.258611,98.163648,7.0377873,74.95825,1.7382813,3.3882524,27.413802,198.73159,0.013580322,27.900955,10985349,5963892.4,1780,1
0.1015625,0.35137175,91.873303,0.33753098,113.84874,0.05078125,0.23713853,59.626189,692.55094,0.000396729,54.268709,26717437,15399996,2910,0
0.2421875,0.54333606,104.60721,0.47553327,108.81448,0.12109375,0.37177947,63.343317,726.03756,0.000946045,63.230994,11440000,6402110.4,2860,0
5.984375,5.7630159,95.428659,6.7471195,91.702422,2.9921875,5.6311404,70.046046,822.64461,0.023376465,87.606976,19834685,10470663,1750,1
0.4921875,0.92213458,107.58543,0.61392751,93.968436,0.24609375,0.59900602,49.25245,509.2771,0.001922607,47.652036,12628423,7047452.8,2930,0
2.53125,2.5959918,112.67974,1.933376,104.13913,1.265625,1.9802332,74.569826,913.0004,0.009887695,76.472328,23537968,19166478,2970,0
0.4453125,0.75094265,105.58514,0.69800052,110.14118,0.22265625,0.72574125,83.776684,1775.8896,0.001739502,63.059686,13246736,11550007,2920,0
2.734375,5.7623327,62.944538,3.0687256,64.839297,1.3671875,2.9727418,37.705402,373.3097,0.010681152,35.889575,19053761,7042402,1930,1
2.7890625,4.4521115,97.008403,4.9226297,70.751131,1.3945313,2.8097536,22.549923,142.03171,0.010894775,24.318598,10546187,5705466,1820,1
0.1328125,0.44138461,131.79239,0.31839905,112.58824,0.06640625,0.24947862,99.135378,1425.625,0.000518799,84.060685,27879373,17774886,2980,0
4.1015625,12.36826,58.170084,4.8220231,52.423529,2.0507813,3.8645396,36.056096,316.16041,0.016021729,34.426416,11809042,7127449.1,2660,1
4.7109375,4.631546,99.825578,2.7543809,96.976744,2.3554688,4.3847563,57.708965,601.71163,0.0184021,57.848635,24867393,9264057.3,1660,1
3.2109375,5.2356325,82.978102,6.2422343,69.813075,1.6054688,3.544204,18.389365,122.02538,0.012542725,16.561322,11637015,5252088.5,1850,1
7.7421875,7.4297191,90.030985,7.8130492,92.028157,3.8710938,9.5138178,85.201469,1382.5777,0.03024292,110.55129,24541510,15206735,1840,1
0.2421875,0.71811316,96.23043207,0.59006706,51.721925,0.12109375,0.44829128,4.1192385,9.5309342,0.000946045,5.704178,1191427.3,748864.48,2490,0
3.8203125,5.2980959,96.606279,6.8754384,77.28133,1.9101563,3.3307442,26.610155,183.59774,0.014923096,27.683242,11119631,6042842.5,1790,1
4.46875,5.1312498,91.066228,2.3392066,95.912787,2.234375,4.6887172,52.924303,600.12596,0.017456055,47.369326,21061515,7955338.1,1680,1
7.921875,7.6986648,90.240167,7.4455,87.784887,3.9609375,8.1523747,72.526681,996.16081,0.030944824,87.55849,19626986,12330117,1840,1
0.1484375,0.37834792,110.48916,0.3549426,117.88235,0.07421875,0.26264002,70.317859,1077.6234,0.000579834,58.021999,25531519,11023355,2960,0
10.460938,11.038874,81.031498,7.9049471,80.723722,5.2304688,10.506656,64.5641,859.90679,0.040863037,65.234641,18043926,12019378,1920,1
1.015625,2.2518037,80.937557,1.1887556,62.700767,0.5078125,1.0954171,14.000431,66.658071,0.003967285,14.884883,7478000.8,4514206.5,2280,1
0.0625,0.30091723,104.29412,0.39861658,112.71827,0.03125,0.21465887,61.41258372,926.2525668,0.000244141,60.71126124,87095563,44236440,2880,0
0.21875,0.48501157,116.72269,0.47759857,120.04706,0.109375,0.34831527,69.020066,711.72974,0.000854492,63.375662,22389574,17314894,2980,0
4.7578125,13.094897,57.75949,4.3996284,54.365775,2.3789063,4.7791402,27.792617,228.65399,0.018585205,26.793982,15783874,6066422.1,2380,1
3.828125,7.7460779,62.572869,4.0908046,64.65184,1.9140625,3.5358718,47.553601,472.26932,0.014953613,42.962686,21059004,8446059.1,1960,1
4.734375,5.1320889,86.963308,6.1739666,89.01687,2.3671875,5.5679349,65.237575,757.96471,0.018493652,83.347292,17857144,8630581,1880,1
0.6640625,0.99824526,114.02076,0.91129721,103.12769,0.33203125,0.74827211,61.378386,640.61533,0.002593994,61.661508,23374963,18471773,2830,0
5.1484375,5.3346141,91.37481,2.9727995,94.245647,2.5742188,5.395928,66.306112,842.36127,0.020111084,62.663293,25175790,9703164.2,1700,1
0.984375,1.2230359,112.51541,0.97125897,101.21739,0.4921875,0.90311959,69.883892,737.37268,0.003845215,68.783545,28888998,21418682,2890,0
2.734375,6.1253113,64.98958,2.1738961,56.250405,1.3671875,2.6401756,29.366405,227.1637,0.010681152,28.975273,9330995.8,6070731.2,2150,1
5.3671875,5.2494786,96.826098,4.5918489,92.816847,2.6835938,7.1305394,49.708596,756.90981,0.020965576,49.225417,15287470,5834843.4,1690,1
3.1640625,3.0320528,108.68148,3.1149938,105.88906,1.5820313,3.0281537,112.36988,1756.6701,0.012359619,110.25236,36375122,29154157,2820,0
1.140625,2.3468336,88.457695,0.94010465,77.186074,0.5703125,1.2504656,19.589512,111.30333,0.004455566,22.827381,9711623.9,5244571,1960,1
